"측정년","측정분기","측정지점","WQI","등급","DIN","DIP","Chl-a","저층산소포화도","투명도","pH","총대장균군","Cd","Pb","COD","DO","수온","전기전도도","염분"
"2020","2","남항","20","I","151.6","18.6","1.22","99.9","4.0","8.2","790","-","-","1.0","8.0","15.7","52","34.4"
"2020","2","5부두","28","II","130.8","98.7","1.51","93.0","3.5","8.2","350","-","-","1.1","7.3","16.0","51","33.6"
"2020","2","감천항","25","II","222.3","31.7","2.85","94.1","2.5","8.1","23","-","-","1.6","8.8","15.2","52","34.4"
"2020","2","남외항","24","II","94.4","42.1","1.69","95.4","2.7","8.2","20","-","-","0.8","8.1","14.7","52","34.5"
"2020","2","남천만","20","I","81.7","17.6","1.33","93.4","3.8","8.0","78","-","-","0.8","7.7","14.6","52","34.4"
"2020","2","민락동","20","I","63.2","30.6","1.16","93.3","2.8","8.1","200","-","-","0.9","7.7","14.6","53","34.7"
"2020","2","북내항","23","I","166.4","20.9","5.77","98.8","2.5","8.1","490","-","-","1.1","8.4","15.6","52","34.2"
"2020","2","북외항","20","I","184.0","33.5","6.17","93.9","3.0","8.0","540","-","-","1.0","8.4","14.6","52","34.1"
"2020","2","수영만","36","III","1,585.6","114.1","0.38","95.7","2.8","8.1","5,400","-","-","2.5","6.2","14.7","43","27.5"
"2020","2","이기대","28","II","465.8","22.0","1.19","90.4","3.8","8.1","330","-","-","0.8","7.7","14.4","52","33.9"
"2020","2","해운대","30","II","63.7","31.2","1.77","89.5","2.6","8.1","40","-","-","1.3","7.8","14.3","53","34.6"
"2020","2","다대포항","45","III","185.3","44.4","4.33","87.5","1.5","8.0","130","-","-","1.5","8.5","14.8","52","34.3"
"2020","2","동천하류","48","IV","5,087.1","179.1","1.32","90.5","0.5","7.6","70,000","-","-","10.8","6.8","15.6","48","31.2"
"2020","2","발전소앞","53","IV","280.8","94.5","3.73","89.6","1.5","8.2","2,400","-","-","1.2","8.3","15.9","52","34.3"
"2020","2","부산대교","36","III","444.0","70.9","2.06","94.4","3.5","8.2","35,000","-","-","1.3","7.9","14.6","52","34.0"
"2020","2","자갈치시장","20","I","96.7","13.3","1.10","90.4","3.3","8.2","700","-","-","1.0","7.6","15.6","52","34.3"
"2020","2","다대포어시장","20","II","112.3","29.1","4.09","97.9","1.3","7.9","2,400","-","-","2.0","8.0","16.6","52","34.1"
"2020","2","송도해수욕장","20","I","113.3","23.9","1.71","98.7","3.5","8.2","140","-","-","0.9","8.1","15.0","52","34.4"
"2020","2","광안리해수욕장","20","I","34.0","19.9","1.97","97.4","2.6","7.8","0","-","-","0.9","7.9","15.0","52","34.2"
"2020","2","해운대해수욕장","26","II","98.4","12.1","1.22","92.7","2.1","8.1","20","-","-","0.9","7.9","14.5","52","34.5"
"2020","1","신호","37","III","692.3","21.3","0.77","91.6","1.3","8.1","78","-","-","2.2","9.2","9.7","40","26.0"
"2020","1","일광","26","II","99.0","18.2","0.38","94.9","2.0","8.1","2","-","-","0.8","8.1","13.7","51","33.3"
"2020","1","장림","56","IV","1,536.1","26.4","12.04","89.2","2.0","7.9","3,300","-","-","3.4","10.1","8.9","28","17.2"
"2020","1","5부두","20","I","167.6","15.8","0.24","91.1","2.5","8.1","230","-","-","0.6","7.7","12.2","50","33.0"
"2020","1","감천항","20","I","111.5","31.4","3.31","105.5","5.0","8.0","13","-","-","0.9","8.9","13.1","51","33.3"
"2020","1","남외항","26","II","94.8","13.4","0.00","93.5","2.0","8.1","2","-","-","0.4","7.8","13.2","51","33.4"
"2020","1","남천만","20","I","39.8","16.1","0.16","94.7","2.5","7.8","230","-","-","0.9","8.0","13.5","51","33.3"
"2020","1","민락동","37","III","566.4","51.3","0.03","92.0","2.3","8.0","20","-","-","1.1","7.4","13.2","49","32.3"
"2020","1","북내항","30","II","167.9","27.6","0.00","89.6","2.5","8.1","20","-","-","0.8","7.8","12.0","51","33.1"
"2020","1","북외항","26","II","134.2","20.8","0.42","93.1","2.0","8.1","5","-","-","0.7","8.1","12.4","51","33.3"
"2020","1","수영만","36","III","933.2","74.5","0.05","94.1","2.3","8.0","1,100","-","-","1.3","7.0","12.6","45","29.4"
"2020","1","신외항","29","II","150.5","19.3","0.00","93.4","1.8","8.1","2","-","-","1.4","8.4","11.0","50","32.5"
"2020","1","이기대","22","I","237.9","23.9","0.00","96.4","3.0","7.9","130","-","-","1.1","8.1","14.0","50","32.9"
"2020","1","해운대","20","I","184.7","21.8","0.34","96.7","2.5","8.0","170","-","-","0.9","8.0","13.7","51","33.1"
"2020","1","가덕대교","33","II","261.2","20.5","0.00","94.7","1.6","8.1","8","-","-","2.0","9.3","10.7","48","31.6"
"2020","1","다대포항","30","II","132.2","24.5","0.46","88.9","4.0","8.0","40","-","-","0.9","8.0","11.7","51","33.3"
"2020","1","동천하류","32","II","190.1","36.3","0.00","82.4","2.5","8.0","270","-","-","1.4","6.5","12.3","50","33.1"
"2020","1","발전소앞","20","I","128.6","25.4","4.77","103.6","4.5","8.1","780","-","-","1.4","8.8","13.0","51","33.2"
"2020","1","부산대교","30","II","159.1","29.1","0.19","88.4","4.0","8.1","110","-","-","1.2","7.6","12.7","51","33.3"
"2020","1","자갈치시장","30","II","54.6","17.5","0.00","88.0","4.0","8.1","690","-","-","0.5","7.6","12.8","51","33.3"
"2020","1","다대포어시장","62","V","252.0","83.9","0.09","64.3","2.5","7.9","78","-","-","1.3","5.6","10.4","51","33.1"
"2020","1","송도해수욕장","20","I","106.7","10.5","0.41","94.7","4.5","8.1","45","-","-","0.4","8.0","13.2","51","33.4"
"2020","1","광안리해수욕장","29","II","219.7","15.7","0.19","94.8","1.5","7.5","330","-","-","1.7","8.1","13.2","51","33.6"
"2020","1","다대포해수욕장","40","III","1,261.2","21.5","9.89","91.0","2.5","8.2","790","-","-","3.1","9.3","9.6","36","22.4"
"2020","1","해운대해수욕장","23","I","132.5","14.4","0.34","96.8","2.3","8.0","330","-","-","0.9","8.1","13.8","51","33.4"
"2020","1","고리","20","I","94.0","6.8","0.57","96.9","2.5","7.7","23","-","-","1.3","8.2","14.1","51","33.4"
"2020","1","남항","20","I","109.1","18.2","0.00","92.2","4.1","8.1","4,900","-","-","0.8","7.9","13.0","51","33.3"
"2020","1","녹산","37","III","381.8","26.7","0.35","99.9","1.3","8.1","110","-","-","1.4","9.2","10.5","47","30.4"
"2020","1","대변","26","II","111.4","10.5","0.09","94.5","2.0","8.1","2","-","-","0.9","8.1","13.5","51","33.3"
"2020","1","신항","29","II","84.6","20.2","0.09","93.4","1.3","8.0","17","-","-","2.5","8.5","10.7","49","32.3"
"2019","4","남항","39","III","270.9","45.0","3.81","99.1","1.7","8.1","3,500","-","-","1.8","7.3","19.4","49","31.7"
"2019","4","5부두","40","III","200.1","30.3","3.38","75.8","2.8","8.1","790","-","-","0.9","7.5","18.9","49","31.9"
"2019","4","감천항","20","I","131.2","28.2","1.71","98.3","5.0","8.1","13","-","-","1.0","7.7","19.2","49","31.9"
"2019","4","남외항","20","I","30.9","9.9","2.05","108.8","4.0","8.2","2","-","-","1.2","8.3","20.3","49","32.1"
"2019","4","남천만","20","I","204.1","26.1","3.58","105.8","6.6","8.2","79","-","-","1.4","8.3","19.0","49","31.9"
"2019","4","민락동","36","III","1,182.7","64.0","0.98","103.8","4.3","8.1","1,700","-","-","1.3","8.1","19.3","48","31.2"
"2019","4","북내항","30","II","164.0","21.5","3.93","82.5","3.5","8.1","1,300","-","-","0.5","7.9","18.9","49","31.9"
"2019","4","북외항","20","I","114.7","28.5","2.98","90.3","3.5","8.1","310","-","-","1.0","7.9","19.0","49","32.0"
"2019","4","수영만","36","III","2,068.8","90.4","1.54","100.9","4.3","8.1","9,200","-","-","1.5","7.4","18.5","44","29.7"
"2019","4","이기대","22","I","241.8","17.7","1.72","105.7","5.8","8.2","490","-","-","0.9","8.1","19.7","48","31.5"
"2019","4","해운대","24","II","249.3","33.9","1.48","103.3","5.8","8.2","170","-","-","1.3","8.3","19.6","49","32.0"
"2019","4","다대포항","28","II","167.5","73.0","1.88","90.6","3.0","8.0","230","-","-","1.2","7.3","18.9","49","31.7"
"2019","4","동천하류","62","V","613.5","63.0","2.22","73.7","2.0","8.0","54,000","-","-","1.4","6.3","18.9","49","32.0"
"2019","4","발전소앞","45","III","148.7","48.1","1.62","84.1","1.5","7.9","490","-","-","1.2","6.5","19.3","49","32.2"
"2019","4","부산대교","28","II","149.5","52.6","2.36","97.7","3.5","8.1","790","-","-","1.0","7.7","19.4","49","31.9"
"2019","4","자갈치시장","22","I","50.8","37.4","1.37","110.7","4.0","8.2","220","-","-","1.2","8.4","19.7","49","31.9"
"2019","4","다대포어시장","53","IV","286.5","103.7","1.49","81.6","1.3","8.0","330","-","-","1.5","6.3","18.7","48","31.6"
"2019","4","송도해수욕장","20","I","35.2","15.7","4.01","108.9","5.0","8.2","0","-","-","0.8","8.8","19.9","49","32.0"
"2019","4","광안리해수욕장","20","I","164.5","17.5","1.39","112.7","4.0","8.1","22","-","-","0.7","8.3","19.4","50","32.4"
"2019","4","해운대해수욕장","26","II","49.6","44.3","1.01","106.2","6.3","8.2","2","-","-","0.4","8.0","20.1","49","32.2"
"2019","3","고리","20","I","8.2","3.8","1.56","103.2","3.0","8.4","0","-","1.12","1.2","7.3","26.1","50","32.6"
"2019","3","남항","30","II","61.8","6.6","1.87","84.6","2.5","8.2","330","-","1.82","0.4","6.2","23.6","50","32.8"
"2019","3","녹산","38","III","81.4","10.8","7.74","91.3","0.9","8.1","0","-","2.52","1.7","6.4","28.5","47","30.9"
"2019","3","대변","30","II","0.0","3.2","0.97","81.9","2.8","8.4","4","-","0.75","1.8","6.9","26.2","51","33.1"
"2019","3","신항","58","IV","81.2","10.9","8.68","71.3","1.3","8.2","130","-","1.94","1.9","6.1","25.9","51","33.1"
"2019","3","신호","49","IV","522.2","21.5","8.60","90.4","1.2","8.1","20","-","0.73","3.5","6.5","27.5","37","23.2"
"2019","3","일광","20","I","24.4","6.7","0.61","91.3","3.0","8.4","0","-","1.05","1.6","7.0","26.6","51","33.2"
"2019","3","장림","31","II","924.9","16.5","6.55","100.9","3.1","7.8","22,000","-","0.00","3.9","6.7","28.2","48","31.6"
"2019","3","5부두","46","III","186.2","17.9","1.82","68.5","2.0","8.1","20","-","0.44","0.4","4.9","23.9","50","32.7"
"2019","3","감천항","40","III","60.3","8.8","3.15","68.8","3.5","8.1","49","-","0.18","0.4","6.1","25.6","50","32.8"
"2019","3","남외항","20","I","30.1","5.1","1.68","91.2","4.5","8.2","5","-","1.00","0.5","6.5","23.9","50","32.8"
"2019","3","남천만","26","II","88.9","11.1","5.09","96.4","2.0","8.3","130","-","1.56","2.9","7.7","25.5","50","32.9"
"2019","3","민락동","51","IV","959.5","43.0","1.79","89.3","1.5","8.2","40","-","2.48","3.4","6.1","25.9","46","29.6"
"2019","3","북내항","40","III","75.0","9.3","5.10","75.1","2.5","8.1","490","-","0.87","0.7","6.1","22.7","51","33.1"
"2019","3","북외항","40","III","98.7","10.5","2.21","75.4","2.5","8.1","49","-","0.42","0.6","5.8","23.6","51","33.1"
"2019","3","수영만","55","IV","1,274.8","58.5","1.57","84.3","1.5","8.2","170","-","1.42","3.5","5.5","25.4","45","29.4"
"2019","3","신외항","55","IV","30.9","10.8","7.36","69.0","1.8","8.3","22","-","0.26","1.4","7.8","26.6","50","32.5"
"2019","3","이기대","28","II","240.0","10.1","2.44","100.6","2.0","8.3","78","-","0.82","0.2","7.0","25.4","49","32.2"
"2019","3","해운대","44","III","383.8","30.3","1.09","88.4","2.0","8.3","340","-","5.71","3.4","6.7","25.8","50","32.8"
"2019","3","가덕대교","52","IV","137.7","25.7","3.86","77.0","1.2","8.1","78","-","0.32","1.1","5.3","26.1","48","31.4"
"2019","3","다대포항","40","III","144.1","17.1","1.65","68.7","3.5","8.0","45","-","0.60","0.4","4.8","24.4","50","32.8"
"2019","3","동천하류","72","V","1,618.0","35.5","6.09","56.0","0.5","7.8","16,000","-","1.71","2.3","0.4","24.4","47","30.8"
"2019","3","발전소앞","40","III","126.2","11.2","3.33","70.5","2.5","8.1","78","-","0.64","1.0","5.8","25.1","50","32.8"
"2019","3","부산대교","52","IV","130.5","10.0","1.03","77.2","1.0","8.1","490","-","5.42","0.4","5.4","23.3","51","33.1"
"2019","3","자갈치시장","46","III","96.9","20.6","1.45","79.9","2.0","8.2","2,400","-","1.28","0.6","5.7","23.5","50","32.7"
"2019","3","다대포어시장","58","IV","238.5","18.6","3.07","52.2","2.0","8.0","130","-","0.99","1.3","4.6","24.5","50","32.8"
"2019","3","송도해수욕장","20","I","26.6","8.9","2.36","97.1","3.5","8.2","68","-","0.00","0.7","6.8","24.4","49","32.3"
"2019","3","광안리해수욕장","29","II","133.3","7.6","4.26","97.6","1.5","8.2","2","-","2.34","2.8","7.6","25.5","51","33.0"
"2019","3","다대포해수욕장","28","II","704.9","15.5","4.26","103.5","4.3","8.1","790","-","0.43","2.4","7.0","26.6","50","32.9"
"2019","3","해운대해수욕장","26","II","24.4","4.0","1.35","93.5","2.0","8.3","20","-","4.87","2.3","6.9","25.2","50","32.9"
"2019","2","5부두","40","III","178.1","33.8","0.34","78.6","4.0","8.2","230","-","-","1.1","6.2","17.3","52","34.1"
"2019","2","감천항","30","II","45.0","28.1","0.42","88.4","5.0","8.3","23","-","-","1.1","7.5","19.0","52","34.4"
"2019","2","남외항","30","II","40.4","18.0","0.45","86.8","5.0","8.4","5","-","-","0.6","7.6","17.0","53","34.7"
"2019","2","남천만","34","III","261.8","31.8","1.93","87.4","5.8","8.2","45","-","-","0.9","7.1","17.1","52","34.5"
"2019","2","민락동","42","III","517.1","40.7","0.50","88.2","5.0","8.2","130","-","-","1.2","7.2","17.8","50","32.9"
"2019","2","북내항","40","III","109.4","24.1","0.32","80.7","4.0","8.3","0","-","-","0.9","7.3","17.4","52","34.5"
"2019","2","북외항","20","I","89.1","17.6","0.37","90.1","4.0","8.3","22","-","-","1.2","7.3","16.9","53","35.0"
"2019","2","수영만","36","III","2,999.3","164.0","6.10","90.5","5.2","8.2","1,700","-","-","3.5","7.3","16.8","51","32.9"
"2019","2","이기대","40","III","322.6","38.6","0.59","85.9","5.1","8.2","45","-","-","1.1","7.1","16.6","52","34.0"
"2019","2","해운대","30","II","179.1","33.8","0.15","86.2","5.2","8.3","130","-","-","0.9","6.9","16.4","52","34.5"
"2019","2","다대포항","40","III","97.5","19.6","1.76","80.7","3.5","8.3","230","-","-","1.0","7.2","17.8","53","34.6"
"2019","2","동천하류","56","IV","861.7","77.9","0.48","72.7","3.5","8.1","7,000","-","-","1.6","5.7","18.6","51","33.4"
"2019","2","발전소앞","30","II","96.2","24.3","0.34","86.4","3.0","8.2","78","-","-","0.8","7.1","18.2","52","34.3"
"2019","2","부산대교","30","II","110.7","23.1","0.42","89.5","5.0","8.3","78","-","-","0.8","6.9","17.0","52","34.5"
"2019","2","자갈치시장","20","I","54.8","20.0","0.44","96.1","5.0","8.3","45","-","-","0.7","7.6","16.6","54","35.1"
"2019","2","다대포어시장","30","II","174.5","33.0","0.69","86.5","2.5","8.2","130","-","-","1.2","6.8","17.7","53","34.9"
"2019","2","송도해수욕장","30","II","40.6","10.3","0.46","87.8","4.0","8.3","2","-","-","0.8","7.6","17.5","53","34.9"
"2019","2","광안리해수욕장","36","III","515.1","54.5","1.43","90.7","5.1","8.2","20","-","-","0.9","7.5","17.5","53","34.7"
"2019","2","해운대해수욕장","30","II","72.4","23.5","0.61","87.2","5.1","8.3","45","-","-","0.8","7.1","15.9","53","34.8"
"2019","2","남항","20","I","69.2","21.5","0.39","93.3","3.5","8.3","110","-","-","0.8","7.3","16.7","53","34.6"
"2019","1","고리","20","I","59.3","18.2","0.87","98.0","5.0","8.1","23","-","-","0.7","8.2","14.5","53","34.4"
"2019","1","남항","20","I","123.1","19.5","1.83","99.0","4.0","8.2","4,900","-","-","0.7","8.6","12.2","53","35.1"
"2019","1","녹산","34","III","537.1","31.9","0.73","101.3","2.0","8.1","110","-","-","1.9","9.3","10.8","47","30.7"
"2019","1","대변","20","I","52.7","15.7","0.92","97.4","5.0","8.2","2","-","-","0.7","8.1","15.0","52","34.3"
"2019","1","신항","20","I","144.7","15.7","1.56","103.7","3.0","8.1","17","-","-","1.4","9.5","10.0","52","33.9"
"2019","1","신호","28","II","1,877.3","22.6","2.58","96.1","2.5","8.1","78","-","-","4.5","9.2","9.6","40","25.8"
"2019","1","일광","20","I","157.7","9.7","0.69","96.8","5.5","8.1","2","-","-","0.6","8.0","15.1","52","34.4"
"2019","1","장림","32","II","1,071.6","42.5","2.92","96.3","3.5","8.1","3,300","-","-","2.0","9.4","8.6","42","26.6"
"2019","1","5부두","20","I","107.0","13.4","3.75","106.6","4.0","8.3","230","-","-","0.7","9.7","10.3","53","34.9"
"2019","1","감천항","20","I","43.4","26.1","2.66","104.2","4.0","8.2","13","-","-","0.6","8.9","12.2","53","35.2"
"2019","1","남외항","20","I","73.6","14.0","1.85","98.3","4.0","8.2","2","-","-","0.2","8.5","12.6","53","35.2"
"2019","1","남천만","20","I","102.8","16.9","2.07","95.7","6.5","8.1","230","-","-","1.0","8.3","12.6","52","34.1"
"2019","1","민락동","20","I","106.5","18.1","0.91","99.3","6.0","8.2","20","-","-","0.9","8.6","12.4","52","34.2"
"2019","1","북내항","20","I","71.1","24.6","4.70","113.5","5.0","8.3","20","-","-","0.5","10.3","10.5","53","35.0"
"2019","1","북외항","20","I","76.5","25.7","3.11","111.6","5.5","8.2","5","-","-","0.1","9.6","12.1","53","35.2"
"2019","1","수영만","32","II","522.3","39.3","0.68","99.0","5.5","8.1","1,100","-","-","1.1","8.4","12.2","50","32.9"
"2019","1","신외항","20","I","105.2","14.5","1.03","100.4","2.5","8.1","2","-","-","0.9","9.3","9.3","52","34.4"
"2019","1","이기대","20","I","83.9","31.4","0.95","96.4","6.5","8.1","130","-","-","0.7","8.3","13.0","52","34.2"
"2019","1","해운대","20","I","105.2","18.8","0.80","97.9","7.0","8.1","170","-","-","1.0","8.4","12.7","52","34.1"
"2019","1","가덕대교","20","I","207.9","27.8","0.91","101.1","2.5","8.1","8","-","-","1.0","9.3","10.0","51","33.4"
"2019","1","다대포항","20","I","82.2","13.8","2.17","92.5","2.5","8.2","40","-","-","0.6","8.2","11.0","53","35.2"
"2019","1","동천하류","29","II","82.1","19.5","8.03","112.1","5.0","8.3","270","-","-","1.0","10.0","10.7","53","35.1"
"2019","1","발전소앞","20","I","193.2","24.8","2.52","102.3","4.5","8.2","780","-","-","1.4","8.9","11.7","53","34.8"
"2019","1","부산대교","20","I","66.4","19.8","1.69","106.2","5.5","8.2","110","-","-","0.3","9.3","11.7","53","35.3"
"2019","1","자갈치시장","20","I","113.1","18.4","1.72","101.2","5.7","8.2","690","-","-","0.6","8.7","12.3","54","35.1"
"2019","1","다대포어시장","30","II","196.0","30.8","1.38","86.3","3.5","8.9","78","-","-","1.3","7.8","10.1","53","35.2"
"2019","1","송도해수욕장","20","I","60.6","5.5","1.81","103.3","5.5","8.2","45","-","-","0.3","8.7","12.7","53","35.3"
"2019","1","광안리해수욕장","20","I","107.4","19.8","0.93","97.7","4.7","8.1","330","-","-","0.8","8.4","12.5","52","34.1"
"2019","1","다대포해수욕장","32","II","776.4","39.7","2.32","95.7","2.5","8.2","790","-","-","2.2","9.0","8.5","45","28.9"
"2019","1","해운대해수욕장","20","I","114.5","31.9","1.15","97.5","7.0","8.1","330","-","-","1.2","8.3","13.1","52","34.2"
"2018","4","남항","20","I","107.6","26.8","0.43","93.3","4.5","8.1","1,700","-","-","0.8","7.3","17.3","52","33.9"
"2018","4","5부두","40","III","219.1","33.2","0.33","77.2","3.0","7.9","130","-","-","0.8","6.2","16.3","52","33.9"
"2018","4","감천항","30","II","162.9","23.7","1.03","85.1","5.0","8.1","45","-","-","1.1","6.8","17.0","53","34.7"
"2018","4","남외항","20","I","63.9","12.2","1.63","95.0","5.5","8.1","2","-","-","0.8","7.7","17.2","51","33.7"
"2018","4","남천만","40","III","207.7","32.1","0.84","79.3","5.0","8.1","330","-","-","0.9","6.4","16.7","52","34.5"
"2018","4","민락동","46","III","619.0","56.7","0.60","86.4","5.5","8.1","1,100","-","-","1.4","6.6","16.9","51","33.3"
"2018","4","북내항","30","II","165.3","18.7","0.69","84.5","5.0","8.0","330","-","-","0.6","6.8","16.6","52","33.9"
"2018","4","북외항","36","III","305.8","27.7","0.90","85.7","4.0","8.0","13","-","-","0.8","6.9","16.4","52","34.0"
"2018","4","수영만","46","III","1,760.1","144.9","0.42","82.6","5.5","8.0","1,100","-","-","2.3","6.5","16.8","46","29.3"
"2018","4","이기대","42","III","312.5","44.1","1.33","84.5","3.5","8.1","130","-","-","1.1","6.9","16.8","52","34.0"
"2018","4","해운대","30","II","161.5","20.0","0.91","84.2","6.0","8.2","1,300","-","-","0.8","6.6","16.9","52","34.5"
"2018","4","다대포항","54","IV","251.6","31.6","0.50","61.6","4.5","8.0","130","-","-","0.8","5.4","16.3","52","34.7"
"2018","4","동천하류","56","IV","-","-","-","-","-","7.9","390","-","-","-","-","-","-","-"
"2018","4","발전소앞","42","III","232.5","24.0","1.33","68.8","4.5","8.1","2,300","-","-","1.4","6.0","16.7","52","34.6"
"2018","4","부산대교","40","III","132.4","16.3","0.53","77.2","5.5","8.0","130","-","-","0.6","6.4","16.5","52","34.0"
"2018","4","자갈치시장","40","III","204.7","33.1","0.20","80.9","5.0","8.0","680","-","-","0.8","6.3","16.8","52","34.0"
"2018","4","다대포어시장","66","V","387.1","58.7","0.46","55.8","5.0","8.0","1,100","-","-","1.2","4.4","16.4","52","34.3"
"2018","4","송도해수욕장","20","I","48.0","6.8","0.38","99.2","6.0","8.1","5","-","-","0.8","7.8","17.4","52","34.0"
"2018","4","광안리해수욕장","30","II","163.1","21.0","0.44","83.3","3.0","8.1","61","-","-","1.4","6.6","16.7","53","34.9"
"2018","4","해운대해수욕장","30","II","149.0","28.9","0.69","82.9","5.5","8.2","27","-","-","0.8","6.5","16.8","53","34.7"
"2018","3","장림","28","II","372.5","19.2","5.57","100.9","3.1","7.8","200","-","-","2.6","6.7","28.2","48","31.6"
"2018","3","5부두","42","III","67.9","0.0","14.93","82.6","3.1","8.4","40","-","-","1.5","8.7","28.9","49","31.9"
"2018","3","감천항","29","II","39.0","2.3","8.29","93.2","4.8","8.3","23","-","-","1.4","7.6","29.5","49","31.8"
"2018","3","남외항","30","II","8.7","4.5","1.30","86.2","5.8","8.4","2","-","-","1.7","8.0","28.4","49","31.7"
"2018","3","남천만","42","III","68.1","0.0","11.48","89.7","3.2","8.5","230","-","-","2.5","10.2","26.8","51","33.2"
"2018","3","민락동","46","III","1,205.5","78.4","3.53","88.1","4.2","8.1","1,300","-","-","2.6","6.2","26.9","46","29.9"
"2018","3","북내항","30","II","11.6","0.0","3.15","83.6","5.2","8.7","70","-","-","1.1","6.9","27.8","49","32.1"
"2018","3","북외항","30","II","34.6","2.1","3.56","88.6","3.8","8.3","33","-","-","1.4","7.0","27.9","49","32.1"
"2018","3","수영만","48","IV","1,970.3","166.7","11.43","92.7","4.1","8.1","4,900","-","-","3.1","5.1","26.5","44","28.1"
"2018","3","신외항","20","I","20.7","0.0","2.01","96.7","5.1","8.6","0","-","-","1.3","8.3","27.0","49","31.8"
"2018","3","이기대","24","II","255.1","0.0","2.81","98.1","5.2","8.3","20","-","-","1.3","6.7","26.3","50","32.7"
"2018","3","해운대","20","I","38.8","0.0","4.65","110.5","4.5","8.3","2","-","-","1.8","7.6","26.4","51","33.1"
"2018","3","가덕대교","38","III","351.1","6.7","5.94","82.2","2.9","8.1","20","-","-","3.4","7.2","28.6","35","22.2"
"2018","3","다대포항","42","III","51.7","0.0","9.88","85.0","3.2","8.3","130","-","-","2.4","7.7","29.0","49","32.1"
"2018","3","동천하류","56","IV","265.5","2.7","29.10","78.5","3.0","8.4","130","-","-","2.2","7.3","28.4","49","31.9"
"2018","3","발전소앞","32","II","53.4","0.0","16.67","90.3","4.3","8.3","170","-","-","1.4","7.6","29.3","49","31.7"
"2018","3","부산대교","20","I","74.2","0.0","2.07","98.9","4.8","8.3","1,700","-","-","1.3","6.9","27.9","49","31.7"
"2018","3","자갈치시장","29","II","7.8","0.0","8.52","108.5","5.3","8.3","1,300","-","-","1.0","7.1","27.9","50","32.6"
"2018","3","다대포어시장","52","IV","155.7","0.0","11.78","73.6","2.7","8.2","490","-","-","2.0","5.9","28.6","49","32.2"
"2018","3","송도해수욕장","20","I","7.0","0.0","2.46","93.4","5.6","8.3","0","-","-","1.3","7.5","28.3","49","31.8"
"2018","3","광안리해수욕장","32","II","143.2","0.0","11.05","96.4","3.3","8.4","0","-","-","1.9","9.6","26.9","52","34.1"
"2018","3","다대포해수욕장","20","I","9.1","0.0","5.84","103.5","4.3","8.1","45","-","-","1.3","7.0","26.6","50","32.9"
"2018","3","해운대해수욕장","20","I","15.5","0.0","2.65","103.7","4.7","8.3","0","-","-","1.0","6.9","26.5","51","33.3"
"2018","3","고리","30","II","13.6","0.0","0.16","87.1","7.1","8.4","0","-","-","1.0","6.9","28.5","53","35.1"
"2018","3","남항","30","II","70.6","0.0","3.95","87.8","4.4","8.3","460","-","-","1.4","6.4","28.1","49","32.2"
"2018","3","녹산","28","II","447.3","2.5","1.60","93.7","2.5","8.2","45","-","-","3.9","7.2","29.0","32","19.8"
"2018","3","대변","20","I","18.8","0.0","0.29","101.5","7.9","8.4","0","-","-","1.0","6.6","28.1","51","33.3"
"2018","3","신항","30","II","121.7","0.0","3.72","86.2","4.1","8.1","0","-","-","1.4","6.4","26.3","49","31.9"
"2018","3","신호","48","IV","574.0","22.6","1.34","71.5","2.7","8.4","20","-","-","4.7","7.6","29.1","25","15.5"
"2018","3","일광","20","I","14.2","0.0","0.39","91.8","6.8","8.4","0","-","-","0.8","6.9","26.6","52","34.2"
"2018","2","남항","20","I","38.2","34.4","3.47","103.9","3.5","8.4","480","-","-","1.5","8.3","16.9","53","34.7"
"2018","2","5부두","37","III","184.6","62.5","8.60","90.6","3.0","8.4","230","-","-","10.6","9.2","17.1","53","34.8"
"2018","2","감천항","20","I","30.5","12.2","3.26","91.3","4.5","8.4","4","-","-","2.0","9.7","19.4","53","35.2"
"2018","2","남외항","30","II","29.0","8.8","5.46","88.3","3.5","8.5","17","-","-","1.8","9.0","16.9","53","34.6"
"2018","2","남천만","30","II","38.6","34.7","0.59","86.0","4.5","8.3","790","-","-","0.4","8.9","15.9","51","33.6"
"2018","2","민락동","44","III","308.4","54.6","0.23","89.0","4.5","8.2","2,100","-","-","0.8","9.0","16.1","50","32.8"
"2018","2","북내항","32","II","156.3","12.7","14.59","102.7","3.0","8.5","79","-","-","6.2","11.1","17.3","53","34.7"
"2018","2","북외항","42","III","30.0","9.2","11.38","90.0","3.5","8.4","23","-","-","3.1","9.5","17.0","53","34.6"
"2018","2","수영만","36","III","2,059.1","135.1","0.25","90.5","4.0","8.1","13,000","-","-","3.2","8.7","17.3","42","27.0"
"2018","2","이기대","36","III","85.4","44.9","0.23","87.3","3.5","8.3","790","-","-","1.8","8.8","15.9","51","33.5"
"2018","2","해운대","24","II","164.7","42.2","0.60","90.1","3.5","8.3","1,400","-","-","0.6","9.0","16.0","51","33.2"
"2018","2","다대포항","39","III","14.3","8.3","8.66","85.6","5.0","8.4","1,300","-","-","2.5","9.0","18.1","53","34.6"
"2018","2","동천하류","40","III","271.7","48.0","3.71","89.0","3.0","8.3","4,900","-","-","2.0","7.2","16.9","52","34.4"
"2018","2","발전소앞","26","II","97.3","7.8","7.76","92.7","5.0","8.4","130","-","-","2.0","9.3","19.0","53","35.0"
"2018","2","부산대교","20","I","58.1","20.9","3.84","99.2","5.0","8.4","330","-","-","0.6","8.2","16.8","53","34.8"
"2018","2","자갈치시장","20","I","46.3","20.4","2.41","99.1","3.5","8.3","460","-","-","0.7","7.9","16.9","53","34.7"
"2018","2","다대포어시장","42","III","106.1","12.1","10.09","84.1","4.0","8.4","170","-","-","2.5","8.9","18.6","53","34.6"
"2018","2","송도해수욕장","24","II","108.3","39.2","4.14","98.0","3.0","8.5","13","-","-","7.7","9.4","17.6","52","34.5"
"2018","2","광안리해수욕장","20","I","29.5","20.5","0.63","90.5","3.5","8.4","78","-","-","0.8","8.9","16.5","50","32.4"
"2018","2","해운대해수욕장","30","II","113.7","28.1","0.82","90.0","3.5","8.3","490","-","-","0.2","9.2","15.5","51","33.5"
"2018","1","고리","20","I","129.2","20.4","0.40","94.4","3.5","8.2","2","-","0.84","1.0","8.5","11.3","52","34.0"
"2018","1","남항","20","I","155.8","18.9","0.41","93.8","5.0","8.2","270","-","0.00","0.3","8.3","10.7","53","34.6"
"2018","1","녹산","20","I","84.6","10.8","0.15","108.9","3.5","8.2","0","-","0.00","0.4","10.5","8.9","52","34.1"
"2018","1","대변","20","I","117.1","20.1","0.53","95.7","3.0","8.2","11","-","0.00","0.6","8.3","11.4","52","34.2"
"2018","1","신항","26","II","19.2","7.8","2.33","108.7","2.0","8.3","11","-","0.00","0.9","10.2","9.0","53","34.8"
"2018","1","신호","28","II","416.6","25.4","0.13","99.1","2.5","8.2","5","-","0.00","1.8","9.7","7.3","50","32.7"
"2018","1","일광","20","I","113.8","18.9","0.50","94.0","5.5","8.2","2","-","1.46","0.4","8.2","11.6","52","34.2"
"2018","1","장림","34","III","1,104.0","52.4","1.58","94.4","4.5","7.9","780","-","0.00","3.4","9.4","8.5","42","26.9"
"2018","1","5부두","20","I","115.6","13.1","0.54","95.5","2.5","8.3","45","-","0.00","0.7","8.9","9.7","52","34.2"
"2018","1","감천항","20","I","1.5","14.5","1.55","112.9","5.5","8.2","17","-","0.00","0.7","10.1","11.0","53","35.0"
"2018","1","남외항","20","I","67.6","17.1","0.36","95.7","3.0","8.2","0","-","0.00","0.4","8.4","11.6","52","34.6"
"2018","1","남천만","20","I","168.7","33.4","0.36","94.7","4.5","8.2","27","-","1.25","1.0","8.4","11.1","51","34.6"
"2018","1","민락동","20","I","109.2","32.4","0.51","98.2","4.5","8.2","20","-","0.24","0.4","8.4","11.4","53","34.5"
"2018","1","북내항","20","I","116.5","13.9","0.72","99.6","4.5","8.3","130","-","0.00","0.4","9.1","9.8","53","34.4"
"2018","1","북외항","20","I","73.2","10.2","0.36","101.7","4.0","8.3","4","-","0.10","0.7","9.1","10.7","52","34.6"
"2018","1","수영만","34","III","951.4","45.9","0.47","95.7","5.0","8.2","400","-","0.13","0.8","8.3","11.1","53","33.7"
"2018","1","신외항","20","I","30.2","12.2","2.47","106.0","4.0","8.2","0","-","0.00","0.8","9.6","11.5","53","35.3"
"2018","1","이기대","32","II","498.4","40.7","0.45","94.6","4.5","8.1","130","-","0.00","0.6","8.5","11.1","52","33.7"
"2018","1","해운대","20","I","219.8","17.7","0.32","96.2","5.0","8.2","460","-","0.25","0.7","8.2","11.2","52","34.4"
"2018","1","가덕대교","34","III","15.9","179.9","2.32","105.1","2.0","8.2","8","-","0.00","1.2","10.1","8.2","52","34.4"
"2018","1","다대포항","20","I","82.3","21.1","0.53","95.8","4.5","8.1","130","-","0.00","0.8","8.7","9.7","53","35.1"
"2018","1","동천하류","20","I","110.3","34.9","1.04","97.2","4.5","8.3","130","-","0.00","0.8","9.0","10.0","53","34.3"
"2018","1","발전소앞","20","I","34.3","18.7","3.67","111.5","4.0","8.3","1,300","-","0.00","0.5","10.2","10.9","53","34.9"
"2018","1","부산대교","20","I","102.2","18.5","0.12","96.4","6.5","8.3","790","-","0.00","1.2","8.7","10.5","53","34.8"
"2018","1","자갈치시장","20","I","75.7","12.7","0.58","95.5","4.5","8.3","78","-","0.11","0.4","8.5","10.7","53","34.6"
"2018","1","다대포어시장","36","III","281.0","25.1","0.38","83.7","2.5","8.0","450","-","0.00","0.7","7.5","8.8","53","35.0"
"2018","1","송도해수욕장","20","I","84.2","12.9","0.32","94.4","5.0","8.2","13","-","0.00","0.6","8.4","10.9","53","34.7"
"2018","1","광안리해수욕장","20","I","162.9","16.5","0.30","98.5","3.5","8.1","2","-","1.14","0.7","8.5","11.1","52","34.7"
"2018","1","다대포해수욕장","32","II","170.0","50.0","0.78","95.7","2.0","8.2","130","-","0.00","0.3","8.7","8.8","51","33.7"
"2018","1","해운대해수욕장","20","I","105.8","17.4","0.38","96.1","4.5","8.2","17","-","0.00","0.3","8.4","11.3","52","34.5"
"2017","4","남외항","42","III","228.6","18.2","2.68","75.4","3.5","8.0","8","-","-","0.5","6.5","18.1","52","34.2"
"2017","4","남천만","30","II","129.4","24.8","2.16","84.9","6.0","8.1","540","-","-","0.7","6.7","16.4","52","34.2"
"2017","4","민락동","20","I","90.9","26.0","2.59","93.5","5.5","8.1","27","-","-","0.5","7.5","16.6","52","33.8"
"2017","4","북내항","40","III","171.2","25.7","2.42","79.7","4.0","8.0","350","-","-","0.2","6.6","18.0","52","34.1"
"2017","4","북외항","30","II","110.5","14.9","3.96","84.4","5.5","8.0","20","-","-","0.4","7.1","18.1","52","34.1"
"2017","4","수영만","36","III","602.3","200.3","1.50","92.1","5.0","7.7","790","-","-","2.4","6.3","16.4","43","27.1"
"2017","4","이기대","32","II","116.8","35.4","1.36","86.3","5.5","8.1","1,600","-","-","0.4","6.9","16.7","51","33.5"
"2017","4","해운대","28","II","176.0","62.7","1.52","92.4","6.5","8.0","27","-","-","1.0","7.3","16.3","50","32.8"
"2017","4","다대포항","30","II","143.2","27.6","1.96","87.7","5.5","8.1","56","-","-","0.3","7.0","16.1","52","33.9"
"2017","4","동천하류","64","V","296.5","56.0","4.11","56.3","5.0","8.0","1,800","-","-","0.6","5.7","17.6","52","34.0"
"2017","4","발전소앞","39","III","512.5","52.6","6.41","95.6","5.0","8.1","180","-","-","0.9","7.4","17.3","52","34.0"
"2017","4","부산대교","30","II","140.1","17.8","2.09","84.1","4.5","8.0","220","-","-","0.5","6.6","18.1","52","34.2"
"2017","4","자갈치시장","38","III","560.2","17.1","2.08","88.2","5.0","8.1","170","-","-","0.2","6.8","18.2","53","34.1"
"2017","4","다대포어시장","62","V","426.3","84.0","1.34","74.0","2.0","7.9","220","-","-","0.5","5.4","15.5","51","33.8"
"2017","4","송도해수욕장","28","II","1,877.4","17.8","2.94","94.6","5.5","8.1","17","-","-","0.4","7.3","18.3","52","34.0"
"2017","4","광안리해수욕장","20","I","87.6","20.8","1.32","92.2","5.5","8.1","4","-","-","0.4","7.2","16.5","52","34.4"
"2017","4","해운대해수욕장","20","I","139.6","23.3","1.76","90.9","6.5","8.1","33","-","-","0.4","7.2","16.6","52","34.1"
"2017","4","남항","41","III","379.8","23.3","2.72","83.2","2.5","8.0","2,200","-","-","0.4","6.4","18.0","52","34.1"
"2017","4","5부두","40","III","162.1","25.8","3.10","78.5","4.0","8.0","330","-","-","0.6","6.3","17.8","52","34.3"
"2017","4","감천항","20","I","121.0","17.6","5.38","93.7","6.0","8.1","240","-","-","0.8","7.5","17.3","52","34.1"
"2017","3","고리","20","I","20.8","0.3","0.80","93.8","8.5","8.3","2","-","0.00","1.2","6.9","27.5","46","29.8"
"2017","3","남항","52","IV","166.2","12.4","16.30","71.2","2.9","8.1","3,500","-","0.14","1.4","6.3","26.1","47","30.6"
"2017","3","녹산","43","III","901.5","45.3","2.11","99.8","1.5","8.0","790","-","0.20","3.7","6.8","29.9","30","18.3"
"2017","3","대변","20","I","22.3","1.0","0.91","94.1","8.5","8.3","2","-","0.20","1.2","6.9","27.6","46","29.9"
"2017","3","신항","68","V","160.6","14.8","10.81","61.1","2.2","8.2","49","-","0.54","1.5","5.9","25.0","46","30.0"
"2017","3","신호","67","V","957.8","69.4","11.65","84.9","1.5","8.0","490","-","0.43","5.1","5.8","29.6","22","14.0"
"2017","3","일광","20","I","42.6","2.8","1.50","94.0","8.5","8.3","23","-","0.00","1.6","6.9","27.6","46","29.7"
"2017","3","장림","67","V","2,397.5","100.1","10.11","84.4","1.4","7.8","92,000","-","0.61","4.4","6.8","28.6","6","3.4"
"2017","3","5부두","53","IV","88.2","3.8","4.80","58.7","2.4","8.0","3,300","-","0.52","2.3","5.9","26.0","47","30.9"
"2017","3","감천항","65","V","29.1","6.9","10.73","62.1","2.5","8.2","23","-","0.40","2.4","7.4","29.3","48","30.9"
"2017","3","남외항","48","IV","25.0","121.4","4.30","79.2","5.1","8.2","2","-","0.00","1.2","7.3","26.4","47","30.7"
"2017","3","남천만","36","III","109.9","22.4","7.10","85.4","4.0","8.3","170","-","0.00","2.0","8.0","27.2","48","30.9"
"2017","3","민락동","61","V","322.1","17.8","34.90","80.9","2.3","8.3","490","-","0.00","2.6","9.1","27.7","46","29.8"
"2017","3","북내항","62","V","73.2","14.1","18.01","62.0","3.2","8.1","140","-","0.60","1.1","6.9","26.4","48","31.4"
"2017","3","북외항","59","IV","74.0","8.5","9.14","66.3","3.6","8.2","460","-","0.32","1.5","6.5","25.4","49","32.1"
"2017","3","수영만","61","V","2,658.5","211.6","10.62","81.1","2.5","8.1","13,000","-","0.00","3.7","7.5","27.7","43","27.6"
"2017","3","신외항","52","IV","57.3","2.6","8.10","72.6","2.3","8.3","8","-","0.30","1.4","7.2","26.9","47","30.2"
"2017","3","이기대","39","III","12.7","16.8","8.80","84.7","4.5","8.3","49","-","0.51","1.3","8.2","27.3","48","31.2"
"2017","3","해운대","60","V","529.6","19.4","23.22","80.9","3.0","8.3","330","-","0.00","2.8","8.0","27.4","47","30.3"
"2017","3","가덕대교","63","V","876.7","46.8","2.83","80.0","1.7","8.1","94","-","0.00","3.4","6.4","29.2","30","18.8"
"2017","3","다대포항","53","IV","109.9","4.1","6.40","58.8","2.7","8.2","330","-","0.00","1.5","6.6","25.4","47","30.6"
"2017","3","동천하류","87","V","990.1","107.8","13.73","53.4","1.8","7.9","160,000","-","0.00","4.1","3.2","27.6","40","25.4"
"2017","3","발전소앞","68","V","12.7","3.9","19.93","61.1","2.2","8.2","110","-","0.30","2.6","7.7","28.9","47","30.8"
"2017","3","부산대교","40","III","98.9","3.5","4.64","79.3","4.2","8.2","790","-","0.00","1.5","6.9","26.0","48","30.8"
"2017","3","자갈치시장","20","I","66.2","2.0","5.64","105.9","3.0","8.2","490","-","0.00","1.4","7.3","26.5","47","30.6"
"2017","3","다대포어시장","68","V","139.3","23.3","11.31","67.2","2.1","8.2","78","-","0.60","2.5","5.5","27.1","47","30.5"
"2017","3","송도해수욕장","41","III","37.1","59.2","6.50","84.6","3.7","8.2","46","-","0.00","2.1","7.4","26.9","47","30.3"
"2017","3","광안리해수욕장","53","IV","495.9","13.0","26.40","85.7","2.5","8.3","230","-","0.00","3.3","8.7","27.9","45","29.1"
"2017","3","다대포해수욕장","38","III","1,186.8","41.7","3.70","90.8","2.2","8.0","54,000","-","0.40","3.9","6.4","26.0","40","22.2"
"2017","3","해운대해수욕장","30","II","28.7","2.9","5.80","82.2","4.2","8.3","330","-","0.00","0.8","8.2","27.4","48","30.9"
"2017","2","남항","23","I","34.3","8.1","6.68","111.3","3.0","8.4","330","-","-","1.1","8.9","16.3","52","34.1"
"2017","2","5부두","30","II","151.6","16.7","2.09","87.3","3.1","8.7","20","-","-","1.6","6.8","16.4","52","33.9"
"2017","2","감천항","20","I","9.5","12.2","3.00","101.5","3.0","8.0","2","-","-","1.4","10.0","18.5","52","34.5"
"2017","2","남외항","30","II","20.2","6.3","5.84","88.2","2.7","8.5","4","-","-","0.6","8.8","16.5","53","34.7"
"2017","2","남천만","23","I","131.5","9.2","3.23","92.5","2.4","8.2","27","-","-","0.8","8.3","15.0","52","34.6"
"2017","2","민락동","32","II","206.9","17.5","8.04","97.2","2.5","8.3","45","-","-","1.0","9.3","16.4","52","34.3"
"2017","2","북내항","39","III","25.1","6.2","8.35","85.5","3.0","8.3","7","-","-","1.1","8.0","16.8","49","32.2"
"2017","2","북외항","23","I","41.5","9.2","5.76","91.0","2.3","8.2","5","-","-","0.7","8.0","15.9","52","34.2"
"2017","2","수영만","39","III","1,654.5","87.6","6.39","98.6","3.0","8.3","790","-","-","2.2","9.0","15.6","52","34.5"
"2017","2","이기대","26","II","310.7","22.3","3.45","93.7","2.6","8.2","45","-","-","0.9","8.0","14.9","52","34.1"
"2017","2","해운대","28","II","485.4","12.5","5.62","100.6","3.5","8.2","330","-","-","1.3","9.0","16.7","52","33.9"
"2017","2","다대포항","20","I","16.4","15.4","3.23","93.4","3.2","8.1","33","-","-","2.5","9.2","17.1","53","34.5"
"2017","2","동천하류","50","IV","510.4","52.3","2.91","82.0","2.2","8.2","1,300","-","-","1.1","6.9","16.3","52","34.0"
"2017","2","발전소앞","30","II","43.1","14.3","4.63","82.0","2.6","7.5","2","-","-","1.7","9.1","18.9","53","34.6"
"2017","2","부산대교","30","II","64.7","11.5","4.99","88.7","3.5","8.4","330","-","-","0.9","7.6","16.5","51","33.3"
"2017","2","자갈치시장","23","I","46.8","5.4","3.48","106.8","2.5","8.4","45","-","-","1.0","8.6","16.5","51","33.5"
"2017","2","다대포어시장","36","III","14.2","23.2","6.05","87.1","2.0","8.0","490","-","-","1.2","7.9","17.4","52","34.5"
"2017","2","송도해수욕장","23","I","17.1","16.2","6.39","98.1","2.7","8.5","2","-","-","0.8","8.5","16.7","52","34.4"
"2017","2","광안리해수욕장","38","III","69.6","13.1","11.05","121.8","2.0","8.2","2","-","-","1.9","10.8","16.6","52","34.0"
"2017","2","해운대해수욕장","20","I","40.0","9.3","5.70","97.7","3.0","8.2","17","-","-","0.7","8.3","15.7","53","34.6"
"2017","1","감천항","32","II","130.8","4.8","8.30","105.9","2.5","8.4","33","-","0.00","0.4","9.3","11.8","52","34.6"
"2017","1","남외항","20","I","208.4","12.4","2.00","98.7","2.7","8.3","4","-","0.00","0.6","8.5","12.5","53","34.9"
"2017","1","남천만","29","II","314.0","21.6","1.50","96.8","2.4","8.1","9","-","0.00","0.7","8.4","12.3","51","33.9"
"2017","1","민락동","28","II","589.9","34.4","1.60","97.3","2.7","8.2","170","-","0.00","0.7","8.4","12.2","52","34.6"
"2017","1","북내항","20","I","144.4","14.1","3.00","100.4","3.3","8.3","13","-","0.00","0.3","8.9","12.6","53","34.6"
"2017","1","북외항","22","I","223.7","12.7","1.90","99.7","3.0","8.3","5","-","0.00","0.5","8.7","12.2","52","34.5"
"2017","1","수영만","39","III","1,439.7","69.0","1.30","96.8","2.5","8.2","270","-","0.00","1.4","8.3","12.3","52","34.2"
"2017","1","신외항","26","II","43.7","9.9","4.40","99.2","2.0","8.4","2","-","0.00","1.0","9.2","9.8","52","33.9"
"2017","1","이기대","29","II","303.2","19.5","1.90","95.7","2.5","8.2","9","-","0.00","1.0","8.1","12.3","52","34.2"
"2017","1","해운대","22","I","226.3","20.4","1.30","96.9","3.0","8.2","17","-","0.00","0.9","8.3","12.3","52","34.2"
"2017","1","가덕대교","32","II","25.9","11.0","0.80","104.7","1.2","8.5","2","-","0.00","0.7","9.3","11.0","52","34.1"
"2017","1","다대포항","23","I","212.3","8.3","2.70","98.2","2.5","8.3","22","-","0.00","0.6","8.7","11.6","53","34.6"
"2017","1","동천하류","20","I","205.6","10.3","5.40","101.9","3.2","8.3","18","-","0.00","0.3","9.1","12.1","52","34.3"
"2017","1","발전소앞","29","II","160.4","4.9","8.10","106.6","3.1","8.5","170","-","0.00","0.7","9.4","11.6","52","34.5"
"2017","1","부산대교","22","I","227.4","21.0","1.90","96.5","3.0","8.3","46","-","0.00","0.1","8.4","11.9","53","34.6"
"2017","1","자갈치시장","20","I","212.9","14.9","1.40","97.4","3.5","8.1","78","-","0.00","0.2","8.5","12.1","52","34.1"
"2017","1","다대포어시장","42","III","322.8","24.1","2.10","89.0","2.0","8.3","460","-","0.00","0.2","8.1","10.2","52","34.3"
"2017","1","송도해수욕장","20","I","216.7","13.0","1.20","99.5","3.2","8.3","8","-","0.00","0.1","8.7","12.3","53","34.8"
"2017","1","광안리해수욕장","26","II","212.4","16.8","1.80","96.9","2.0","7.8","5","-","0.40","0.5","8.4","12.2","51","33.8"
"2017","1","다대포해수욕장","34","III","1,091.6","17.3","2.90","94.6","2.1","8.3","230","-","0.00","2.4","9.1","9.0","44","28.3"
"2017","1","해운대해수욕장","20","I","182.3","14.4","1.70","96.7","3.2","8.1","34","-","0.10","1.4","8.3","12.3","51","34.2"
"2017","1","고리","20","I","131.1","11.1","2.90","95.9","3.2","8.3","2","-","0.30","0.8","8.1","13.0","52","34.4"
"2017","1","남항","20","I","162.5","18.5","1.60","96.7","3.6","8.2","54","-","0.00","0.2","8.5","12.1","53","34.5"
"2017","1","녹산","29","II","46.5","15.6","1.60","112.0","1.4","8.5","2","-","0.00","1.0","9.8","12.6","52","33.9"
"2017","1","대변","20","I","169.6","13.9","2.40","96.1","3.4","8.3","5","-","0.20","0.5","8.2","12.6","52","34.3"
"2017","1","신항","31","II","223.5","21.2","1.30","95.0","1.8","8.2","5","-","0.00","1.4","8.8","9.7","51","33.6"
"2017","1","신호","33","II","245.2","21.0","1.10","99.5","1.3","8.4","2","-","0.00","1.0","9.1","10.8","49","31.7"
"2017","1","일광","20","I","146.2","13.3","2.40","96.5","2.8","8.3","2","-","0.40","0.6","9.0","13.0","52","34.4"
"2017","1","장림","42","III","1,854.3","55.2","2.80","93.1","2.0","8.3","2,300","-","0.00","3.5","9.6","8.9","35","21.5"
"2017","1","5부두","20","I","149.6","12.4","4.90","100.3","2.8","8.4","170","-","0.00","0.4","8.9","11.1","52","34.4"
"2016","4","남항","36","III","134.3","5.0","0.35","86.7","2.1","8.1","180","-","-","1.2","6.5","19.9","50","33.0"
"2016","4","5부두","39","III","145.9","8.1","0.31","83.5","1.5","8.0","140","-","-","0.9","6.3","19.6","50","33.0"
"2016","4","감천항","30","II","154.9","9.8","0.39","85.1","2.7","8.0","79","-","-","1.0","6.8","18.2","51","33.4"
"2016","4","남외항","26","II","123.7","2.2","0.51","90.4","2.1","8.1","8","-","-","0.8","6.7","20.1","50","33.1"
"2016","4","남천만","43","III","270.9","15.7","0.29","85.9","1.5","8.0","110","-","-","1.0","6.8","17.3","51","33.4"
"2016","4","민락동","41","III","378.9","20.4","0.44","86.0","2.3","8.0","330","-","-","1.4","6.9","17.2","50","32.8"
"2016","4","북내항","36","III","139.6","5.7","0.19","84.3","2.1","8.1","79","-","-","1.0","6.4","19.7","50","32.9"
"2016","4","북외항","39","III","150.9","5.4","0.74","85.5","1.8","8.1","33","-","-","1.0","6.7","19.4","50","32.8"
"2016","4","수영만","52","IV","2,252.3","94.1","0.31","87.1","2.1","8.1","3,500","-","-","2.4","6.2","17.6","46","30.0"
"2016","4","이기대","47","IV","345.4","15.1","0.52","85.3","1.5","8.0","170","-","-","1.0","6.7","17.1","51","33.4"
"2016","4","해운대","33","II","153.2","9.6","0.47","87.4","2.5","8.1","110","-","-","1.0","6.8","17.2","50","32.4"
"2016","4","다대포항","30","II","182.6","11.2","0.41","84.3","2.8","8.1","540","-","-","1.0","6.6","16.9","51","33.4"
"2016","4","동천하류","33","II","205.9","12.5","0.37","85.2","2.3","8.0","70","-","-","1.0","6.2","19.6","50","32.9"
"2016","4","발전소앞","33","II","157.1","9.3","0.39","85.3","2.5","8.1","49","-","-","1.0","6.8","18.4","51","33.4"
"2016","4","부산대교","36","III","109.1","7.7","0.36","82.2","1.9","8.1","140","-","-","0.7","6.2","19.8","50","32.8"
"2016","4","자갈치시장","33","II","123.6","4.2","0.31","88.4","2.5","8.1","460","-","-","0.9","6.7","20.0","50","33.0"
"2016","4","다대포어시장","58","IV","289.0","17.4","0.24","77.0","0.9","8.0","1,100","-","-","1.5","6.1","16.7","51","33.2"
"2016","4","송도해수욕장","30","II","161.8","2.7","0.48","88.2","2.9","8.1","23","-","-","0.8","8.1","20.1","51","33.4"
"2016","4","광안리해수욕장","29","II","180.5","10.3","0.35","94.1","1.6","8.0","49","-","-","0.8","7.0","17.2","51","33.6"
"2016","4","해운대해수욕장","44","III","564.6","25.6","0.36","88.9","2.2","8.0","350","-","-","0.9","6.9","17.1","51","33.6"
"2016","3","고리","20","I","81.2","2.6","0.38","102.6","4.5","8.2","17","-","0.10","1.1","6.8","28.7","45","29.3"
"2016","3","남항","20","I","67.0","11.3","1.29","96.3","5.5","8.1","350","-","0.00","2.0","6.3","28.5","46","30.0"
"2016","3","녹산","32","II","113.1","2.5","6.08","91.7","0.8","8.0","130","-","0.00","2.0","6.3","29.4","44","28.0"
"2016","3","대변","20","I","52.6","3.3","0.36","102.6","3.5","8.2","2","-","0.30","0.8","6.8","28.8","46","29.4"
"2016","3","신항","65","V","88.7","6.7","7.00","61.0","1.8","8.0","33","-","0.00","0.9","6.6","27.1","48","30.9"
"2016","3","신호","53","IV","280.6","47.1","8.05","90.5","0.6","8.0","950","-","0.00","5.9","6.5","29.1","42","26.7"
"2016","3","일광","20","I","61.6","1.9","0.25","102.9","4.7","8.2","11","-","0.40","0.8","7.4","28.9","46","29.4"
"2016","3","장림","60","V","1,428.8","97.1","10.11","92.6","1.0","8.0","2,400","-","0.00","5.6","6.3","30.0","28","17.2"
"2016","3","5부두","49","IV","219.9","50.9","2.46","77.6","2.5","7.9","230","-","0.20","2.2","5.0","28.8","46","30.0"
"2016","3","감천항","62","V","83.2","0.7","6.60","59.4","1.4","8.1","240","-","0.00","1.8","7.4","30.0","48","31.1"
"2016","3","남외항","20","I","20.9","0.8","0.38","102.3","7.5","8.1","5","-","0.00","1.7","6.8","29.0","47","30.1"
"2016","3","남천만","38","III","336.5","1.2","1.63","82.5","3.2","8.1","240","-","0.00","1.3","6.8","28.7","45","28.9"
"2016","3","민락동","52","IV","793.4","57.5","5.44","82.3","2.1","8.1","2,400","-","0.00","2.5","6.4","28.9","45","29.0"
"2016","3","북내항","20","I","57.1","4.9","3.00","92.9","2.8","8.1","11","-","0.00","2.4","6.7","28.8","46","29.9"
"2016","3","북외항","38","III","44.6","6.6","10.11","94.3","2.0","8.2","5","-","0.30","3.3","8.5","28.6","46","29.8"
"2016","3","수영만","61","V","1,412.0","135.2","8.15","86.1","2.0","8.1","2,400","-","0.00","3.2","6.4","28.8","43","27.6"
"2016","3","신외항","56","IV","180.1","8.3","5.40","55.2","2.1","8.0","8","-","0.00","0.8","6.5","26.9","48","31.3"
"2016","3","이기대","34","III","409.6","1.1","1.29","98.7","2.1","8.2","3,500","-","0.00","1.2","6.8","28.6","45","28.8"
"2016","3","해운대","24","II","242.2","1.0","0.79","98.6","3.7","8.2","350","-","0.20","1.7","6.5","28.7","45","29.1"
"2016","3","가덕대교","49","IV","139.5","6.3","3.07","77.1","1.3","7.9","49","-","0.00","4.2","5.7","27.1","47","30.2"
"2016","3","다대포항","50","IV","86.4","4.6","4.97","57.8","2.7","8.1","170","-","0.00","1.6","7.6","28.6","48","30.9"
"2016","3","동천하류","45","III","99.6","1.2","7.76","82.6","1.8","8.1","20","-","0.00","3.5","7.9","28.6","46","30.0"
"2016","3","발전소앞","41","III","136.2","5.7","11.86","97.6","1.3","8.0","2,800","-","0.00","4.2","7.3","29.8","48","31.0"
"2016","3","부산대교","30","II","110.6","17.2","0.81","85.3","4.0","8.1","130","-","0.20","2.0","5.6","28.4","46","29.9"
"2016","3","자갈치시장","20","I","102.8","6.8","0.40","96.5","5.3","8.1","110","-","0.10","1.9","6.4","28.3","46","30.0"
"2016","3","다대포어시장","50","IV","349.8","28.9","5.61","83.3","0.5","8.0","2,800","-","0.00","2.9","5.4","28.5","47","30.5"
"2016","3","송도해수욕장","40","III","36.1","0.7","0.24","80.4","7.2","8.1","8","-","0.00","1.8","6.8","28.5","47","30.1"
"2016","3","광안리해수욕장","20","I","112.4","0.9","2.47","93.2","2.9","8.1","8","-","0.00","1.6","6.9","28.8","45","29.3"
"2016","3","다대포해수욕장","37","III","633.8","23.7","4.51","102.8","1.3","8.1","2,400","-","0.00","3.3","6.8","28.6","39","25.1"
"2016","3","해운대해수욕장","20","I","60.4","0.7","0.81","100.6","3.8","8.2","2","-","0.00","1.8","6.8","28.8","46","29.4"
"2016","2","민락동","36","III","919.1","125.8","1.56","99.6","2.9","8.0","1,700","-","-","2.1","7.8","17.3","47","30.5"
"2016","2","북내항","20","I","70.2","9.7","5.25","94.1","2.8","8.3","49","-","-","2.9","9.3","17.0","51","33.5"
"2016","2","북외항","29","II","35.2","7.2","1.03","104.8","1.8","8.2","11","-","-","1.3","8.6","16.8","51","33.5"
"2016","2","수영만","36","III","1,897.3","275.4","0.85","98.1","3.3","7.4","3,500","-","-","3.2","6.7","18.0","40","25.6"
"2016","2","이기대","32","II","285.5","27.6","1.12","91.2","2.1","8.1","2,400","-","-","1.0","7.5","15.4","50","33.1"
"2016","2","해운대","20","I","213.3","5.7","2.43","98.3","3.5","8.2","130","-","-","1.2","8.1","16.9","50","33.0"
"2016","2","다대포항","36","III","30.5","12.6","1.94","85.6","2.0","8.3","33","-","-","1.7","10.1","18.6","51","33.1"
"2016","2","동천하류","55","IV","368.3","102.3","2.64","84.8","1.3","8.4","3,500","-","-","4.2","11.6","17.2","51","33.5"
"2016","2","발전소앞","32","II","104.1","12.6","7.46","98.4","2.1","8.3","170","-","-","1.8","9.2","18.9","51","33.8"
"2016","2","부산대교","20","I","72.3","8.4","5.18","108.4","2.9","8.2","170","-","-","2.1","8.7","16.5","51","33.5"
"2016","2","자갈치시장","20","I","70.2","7.2","4.43","91.2","3.0","8.2","230","-","-","1.9","8.8","16.5","51","33.8"
"2016","2","다대포어시장","23","I","28.1","13.0","2.99","102.6","2.3","8.3","45","-","-","2.2","9.4","19.0","51","33.2"
"2016","2","송도해수욕장","20","I","104.6","8.9","1.42","91.6","3.0","8.4","0","-","-","1.8","10.2","17.5","49","32.2"
"2016","2","광안리해수욕장","24","II","265.7","16.1","1.89","100.7","2.8","8.2","350","-","-","1.2","8.1","18.2","50","32.8"
"2016","2","해운대해수욕장","20","I","128.1","3.3","2.33","99.5","3.6","8.1","130","-","-","0.9","8.4","17.6","51","33.7"
"2016","2","남항","20","I","93.5","11.7","1.18","103.2","4.0","8.2","330","-","-","1.5","8.5","17.0","51","33.4"
"2016","2","5부두","32","II","107.0","11.4","18.34","93.1","3.1","8.1","130","-","-","4.5","7.9","16.5","51","33.5"
"2016","2","감천항","32","II","88.3","11.6","7.44","91.6","2.2","8.3","0","-","-","1.7","9.8","18.8","51","33.7"
"2016","2","남외항","20","I","125.5","8.5","1.40","93.6","4.1","8.3","5","-","-","2.2","9.5","17.5","51","33.3"
"2016","2","남천만","26","II","281.7","20.7","2.27","94.3","3.0","8.1","240","-","-","1.1","8.1","17.4","49","32.4"
"2016","1","고리","20","I","187.6","19.7","0.71","96.3","2.9","8.2","23","-","0.00","0.2","8.6","12.2","52","34.1"
"2016","1","남항","20","I","149.7","11.7","0.98","96.5","3.4","8.1","540","-","0.00","0.3","8.6","10.8","52","33.9"
"2016","1","녹산","29","II","141.3","3.0","0.48","103.9","1.3","8.2","23","-","0.00","0.8","10.0","8.9","52","33.5"
"2016","1","대변","23","I","165.6","20.0","0.49","101.6","2.5","8.2","33","-","0.00","0.2","8.8","11.5","52","34.1"
"2016","1","신항","32","II","70.3","29.5","3.97","96.2","0.8","8.1","5","-","0.00","1.1","9.4","8.1","52","33.5"
"2016","1","신호","40","III","1,332.2","2.1","0.55","99.9","1.0","8.2","790","-","0.00","3.4","11.1","8.1","33","20.7"
"2016","1","일광","20","I","185.8","18.1","0.44","98.4","2.6","8.2","140","-","0.00","0.2","8.8","12.1","52","34.2"
"2016","1","장림","44","III","1,482.1","9.9","1.17","85.8","2.1","8.1","1,300","-","0.20","3.4","10.1","8.9","28","17.1"
"2016","1","5부두","26","II","178.9","10.6","2.72","95.9","1.9","8.0","33","-","0.00","0.5","8.6","10.1","52","33.6"
"2016","1","감천항","23","I","161.7","7.8","2.17","97.4","2.5","8.1","7","-","0.00","0.4","8.8","10.8","52","33.9"
"2016","1","남외항","23","I","162.6","8.0","0.89","96.9","2.5","8.1","22","-","0.00","0.3","8.7","10.8","52","33.9"
"2016","1","남천만","23","I","163.6","11.8","1.22","95.1","2.4","8.2","17","-","0.00","0.2","8.3","11.4","52","34.0"
"2016","1","민락동","36","III","1,394.5","101.7","0.91","95.2","2.9","8.1","490","-","0.10","1.1","7.6","11.8","48","31.2"
"2016","1","북내항","20","I","172.8","3.3","2.57","96.8","3.2","8.1","33","-","0.00","1.1","8.9","10.1","52","33.7"
"2016","1","북외항","20","I","159.5","2.5","2.56","96.3","2.7","8.1","8","-","0.00","0.5","8.6","10.8","52","33.9"
"2016","1","수영만","36","III","2,271.6","132.6","0.78","94.4","3.0","8.0","1,700","-","0.00","2.0","7.6","11.8","47","30.2"
"2016","1","신외항","29","II","33.8","4.2","6.28","101.6","1.3","8.2","2","-","0.00","1.0","9.8","7.7","52","33.7"
"2016","1","이기대","34","III","471.8","19.3","0.98","93.4","2.1","8.2","180","-","0.00","0.2","8.3","11.6","51","33.5"
"2016","1","해운대","36","III","2,293.3","167.6","0.46","97.9","2.9","8.3","240","-","0.10","4.1","9.9","12.3","48","30.9"
"2016","1","가덕대교","32","II","134.6","12.5","3.30","97.4","0.9","8.2","33","-","0.00","1.4","9.4","8.1","51","33.3"
"2016","1","다대포항","20","I","179.8","11.2","1.51","98.0","2.6","8.1","33","-","0.00","0.6","8.9","10.1","52","33.7"
"2016","1","동천하류","26","II","194.8","21.3","2.65","94.7","1.9","8.1","40","-","0.00","0.6","8.6","10.1","52","33.7"
"2016","1","발전소앞","20","I","166.9","21.5","1.37","96.3","2.9","8.1","220","-","0.00","0.5","8.6","11.1","52","33.8"
"2016","1","부산대교","20","I","155.2","14.1","0.64","99.4","2.9","8.1","350","-","0.00","0.4","9.0","10.5","52","33.9"
"2016","1","자갈치시장","20","I","152.6","13.4","0.76","95.5","2.9","8.1","920","-","0.00","0.7","8.5","10.6","52","33.9"
"2016","1","다대포어시장","49","IV","201.6","25.2","0.69","80.0","1.6","8.0","460","-","0.00","0.9","7.2","10.1","51","33.6"
"2016","1","송도해수욕장","20","I","163.2","13.7","0.80","98.1","3.9","8.1","170","-","0.00","0.4","8.7","11.3","52","34.0"
"2016","1","광안리해수욕장","20","I","175.0","16.2","0.91","96.1","3.4","8.2","11","-","0.00","0.3","8.5","11.3","52","34.0"
"2016","1","다대포해수욕장","37","III","1,421.8","2.6","0.95","109.1","1.5","8.0","220","-","0.10","3.2","10.1","9.4","37","23.1"
"2016","1","해운대해수욕장","20","I","155.1","30.1","0.84","97.6","2.8","8.2","33","-","0.00","0.2","8.5","11.4","52","34.0"
"2015","4","고리","20","I","158.4","17.0","0.07","92.6","3.8","8.1","0","0.000","1.30","0.2","7.6","17.4","50","32.9"
"2015","4","남항","20","I","174.2","26.0","0.18","93.8","3.8","8.0","280","0.000","0.00","0.6","7.4","15.3","50","32.8"
"2015","4","녹산","48","IV","279.0","8.0","0.30","87.7","0.8","8.0","460","0.000","0.00","0.6","7.4","13.8","47","30.3"
"2015","4","대변","20","I","134.7","15.0","0.16","94.5","3.5","8.1","2","0.000","0.00","0.5","7.6","16.6","50","32.9"
"2015","4","신항","32","II","184.7","12.0","0.08","90.5","0.6","8.0","33","0.000","0.00","0.6","7.4","15.4","49","32.4"
"2015","4","신호","44","III","222.7","9.0","0.27","89.2","0.8","8.0","68","0.200","0.00","0.8","7.4","15.0","48","31.2"
"2015","4","일광","20","I","182.3","13.0","0.24","94.1","3.8","8.1","0","0.000","0.00","0.4","7.6","16.6","50","32.9"
"2015","4","장림","58","IV","1,620.4","86.0","0.21","83.0","0.6","7.9","490","0.100","0.00","2.5","7.5","14.5","39","24.9"
"2015","4","5부두","26","II","208.2","15.0","0.23","91.9","2.1","8.0","220","0.000","0.30","0.6","7.6","14.9","50","32.7"
"2015","4","감천항","23","I","157.2","17.0","0.18","97.8","2.3","8.1","2","0.000","0.00","0.7","8.2","15.7","50","32.7"
"2015","4","남외항","20","I","174.6","16.0","0.14","96.4","3.5","8.1","5","0.000","0.00","0.4","7.8","15.9","51","33.1"
"2015","4","남천만","20","I","179.3","17.0","0.23","93.3","3.0","8.1","46","0.000","0.00","0.8","7.6","15.7","50","32.8"
"2015","4","북내항","20","I","177.1","22.0","0.21","94.3","3.1","8.0","14","0.000","0.10","0.5","7.8","14.9","50","32.8"
"2015","4","북외항","20","I","179.5","11.0","0.21","91.9","2.7","8.0","17","0.000","4.20","0.8","7.5","15.2","50","32.9"
"2015","4","수영만","36","III","890.4","75.0","0.08","91.1","3.1","8.1","330","0.000","0.10","1.2","7.3","15.7","49","32.3"
"2015","4","신외항","29","II","141.8","22.0","0.30","91.8","1.5","8.0","2","0.000","0.00","0.2","7.6","14.9","49","32.0"
"2015","4","해운대","20","I","184.4","21.0","0.06","91.2","3.1","8.1","49","0.000","0.20","0.4","7.4","15.8","50","32.9"
"2015","4","다대포항","23","I","200.2","27.0","0.10","92.4","2.3","8.0","170","0.000","0.00","0.5","7.7","14.7","50","32.6"
"2015","4","동천하류","20","I","213.8","29.0","0.09","91.7","2.7","8.0","330","0.000","0.00","0.5","7.3","14.9","50","32.6"
"2015","4","발전소앞","23","I","165.3","18.0","0.24","96.6","2.3","8.1","79","0.000","0.00","1.2","7.9","15.7","50","32.7"
"2015","4","다대포어시장","39","III","188.6","22.0","0.16","88.5","1.7","8.0","350","0.000","0.00","0.4","7.3","14.9","50","32.7"
"2015","3","대변","43","III","103.7","10.0","3.41","78.4","2.5","8.2","33","0.000","0.00","1.5","8.0","18.1","51","33.4"
"2015","3","신항","42","III","134.7","16.0","4.65","88.9","0.6","8.2","13","0.100","0.00","1.9","6.8","24.4","49","31.9"
"2015","3","신호","47","IV","108.1","44.0","8.51","92.3","0.8","8.3","78","1.400","0.00","4.2","7.1","28.3","42","26.9"
"2015","3","일광","33","II","86.8","4.0","3.57","81.9","2.5","8.3","2","0.000","0.00","0.9","8.5","18.7","51","33.4"
"2015","3","장림","52","IV","1,177.4","21.0","17.11","100.1","0.6","7.6","24,000","0.000","0.00","4.6","8.5","28.0","33","20.6"
"2015","3","5부두","36","III","104.5","21.0","7.44","84.8","2.8","8.1","45","0.000","0.00","3.6","6.6","20.8","50","32.6"
"2015","3","감천항","43","III","104.0","4.0","1.50","74.5","2.3","8.4","13","0.000","0.20","2.6","9.6","23.9","50","32.7"
"2015","3","남외항","20","I","85.9","1.0","1.77","109.4","3.5","8.3","8","0.000","0.00","1.8","9.3","22.2","50","32.8"
"2015","3","남천만","46","III","125.7","2.0","7.10","73.5","2.7","8.3","0","0.000","0.00","2.4","9.2","18.0","51","33.2"
"2015","3","북내항","30","II","101.5","2.0","2.80","82.5","3.1","8.2","17","0.000","0.30","1.8","8.4","20.6","50","32.8"
"2015","3","북외항","40","III","62.9","3.0","2.82","77.9","2.6","8.3","2","0.000","0.50","2.4","8.8","20.3","50","33.1"
"2015","3","수영만","56","IV","1,451.9","105.0","5.27","72.1","2.7","8.1","1,300","0.000","0.20","3.3","8.1","18.8","50","32.4"
"2015","3","신외항","29","II","197.8","5.0","4.44","143.8","1.5","8.4","8","0.200","0.00","1.5","9.8","25.9","49","32.2"
"2015","3","해운대","23","I","112.1","5.0","6.84","95.3","2.9","8.2","8","0.000","0.00","1.5","8.0","19.4","51","33.3"
"2015","3","다대포항","23","I","99.9","6.0","3.95","108.1","2.3","8.4","540","0.000","0.00","2.4","9.9","22.3","50","32.7"
"2015","3","동천하류","50","IV","229.7","14.0","16.12","88.7","1.9","8.2","790","0.000","0.10","2.0","9.0","21.6","49","32.4"
"2015","3","발전소앞","23","I","99.2","2.0","3.62","112.6","2.3","8.3","14","0.000","0.00","2.4","9.0","23.2","50","32.7"
"2015","3","다대포어시장","39","III","94.6","8.0","5.17","84.8","1.7","8.1","2,400","0.000","0.00","2.8","5.6","23.0","49","31.8"
"2015","3","고리","40","III","64.9","4.0","5.37","77.9","2.7","8.3","2","0.000","0.00","1.4","8.4","18.8","51","33.4"
"2015","3","남항","20","I","108.1","2.0","2.02","107.2","3.8","8.2","350","0.000","0.00","1.2","7.9","21.1","50","32.8"
"2015","3","녹산","48","IV","259.9","38.0","3.51","83.4","0.8","8.0","170","0.100","0.00","1.6","5.6","28.0","45","29.0"
"2015","2","고리","26","II","134.9","2.0","3.48","95.5","2.2","8.1","14","0.000","0.20","1.0","8.0","15.0","51","33.2"
"2015","2","남항","23","I","116.5","2.0","3.97","94.4","2.4","8.2","350","0.000","0.00","0.4","7.9","14.2","51","33.1"
"2015","2","녹산","38","III","280.9","1.0","5.03","99.7","1.1","8.1","68","0.000","0.00","2.5","8.2","17.5","45","29.0"
"2015","2","대변","26","II","96.3","3.0","5.70","95.4","2.0","8.2","23","0.000","0.10","1.5","8.3","14.4","50","33.1"
"2015","2","신항","26","II","77.3","2.0","2.91","93.7","1.9","8.2","8","0.000","0.10","0.5","8.2","16.9","49","32.3"
"2015","2","신호","43","III","959.6","2.0","6.34","110.8","0.7","8.1","240","0.100","0.10","3.5","8.2","17.8","40","25.8"
"2015","2","일광","26","II","124.9","2.0","3.63","91.1","2.1","8.1","49","0.000","0.00","1.1","7.9","14.1","51","33.2"
"2015","2","장림","57","IV","1,825.3","1.0","1.93","76.5","1.5","7.5","16,000","0.100","0.20","4.1","7.3","20.3","23","14.2"
"2015","2","5부두","49","IV","250.3","3.0","9.37","87.2","2.0","8.1","5,400","0.000","0.10","1.2","7.2","14.8","50","32.5"
"2015","2","감천항","39","III","53.2","2.0","9.44","88.2","2.7","8.4","17","0.000","0.00","1.6","10.3","16.3","50","32.6"
"2015","2","남외항","42","III","101.4","1.0","7.86","87.2","2.0","8.2","11","0.000","0.00","1.4","8.2","14.4","50","33.0"
"2015","2","남천만","30","II","187.1","3.0","3.39","89.4","3.0","8.1","5","0.100","0.10","1.7","7.8","14.7","50","32.6"
"2015","2","북내항","48","IV","53.1","1.0","13.70","89.7","2.0","8.3","920","0.000","0.20","1.8","10.2","15.2","50","32.4"
"2015","2","북외항","36","III","105.8","1.0","5.58","89.7","2.1","8.2","4","0.000","0.10","0.3","8.4","14.7","50","32.9"
"2015","2","수영만","50","IV","1,520.5","49.0","0.97","86.3","1.9","7.7","16,000","0.000","0.10","3.5","5.9","16.2","36","22.4"
"2015","2","신외항","26","II","42.3","4.0","6.17","94.5","2.2","8.2","0","0.000","0.00","1.4","8.3","15.9","50","32.5"
"2015","2","해운대","42","III","291.8","3.0","2.31","87.3","2.1","8.1","350","0.000","0.00","1.6","7.7","14.2","50","32.9"
"2015","2","다대포항","41","III","28.9","2.0","14.75","92.9","1.7","8.3","1,600","0.100","0.00","3.2","10.0","15.2","49","32.3"
"2015","2","동천하류","54","IV","528.7","5.0","5.32","79.9","1.9","8.0","540","0.000","0.10","2.4","5.7","14.7","49","31.9"
"2015","2","발전소앞","61","V","207.3","1.0","31.26","78.6","1.6","8.4","1,600","0.000","0.00","5.4","10.7","17.1","50","32.6"
"2015","2","다대포어시장","79","V","886.1","2.0","39.63","64.8","1.3","8.3","5,400","0.000","0.00","10.9","9.5","15.3","49","32.1"
"2015","1","고리","20","I","75.2","11.0","0.50","96.0","2.6","8.2","0","0.000","0.00","0.2","8.6","11.4","53","34.8"
"2015","1","남항","20","I","170.2","23.0","0.58","98.0","3.9","8.2","540","0.000","0.00","0.7","8.8","9.6","53","34.5"
"2015","1","녹산","34","III","525.2","20.0","0.54","101.3","1.9","8.1","350","0.000","0.00","1.3","9.7","8.5","47","30.5"
"2015","1","대변","20","I","67.5","20.0","0.66","95.3","2.6","8.2","14","0.000","0.00","0.3","8.6","10.6","53","34.7"
"2015","1","신항","32","II","82.5","7.0","4.29","102.9","1.2","8.3","17","0.000","1.10","0.7","10.1","7.7","52","33.7"
"2015","1","신호","49","IV","2,841.9","7.0","9.77","103.9","1.3","8.1","540","0.100","0.00","4.2","10.4","7.2","36","22.4"
"2015","1","일광","20","I","55.7","11.0","0.63","98.6","2.8","8.2","0","0.000","0.10","0.2","8.7","11.4","53","34.8"
"2015","1","장림","42","III","2,351.5","55.0","1.63","97.3","2.0","8.1","1,600","0.000","0.20","3.2","9.3","9.5","42","26.9"
"2015","1","5부두","20","I","149.6","19.0","0.59","94.0","2.6","8.1","110","0.000","0.00","0.6","8.7","9.4","53","34.6"
"2015","1","감천항","20","I","69.4","10.0","1.56","102.1","3.0","8.2","11","0.000","0.00","0.6","9.1","11.4","53","34.6"
"2015","1","남외항","20","I","128.0","12.0","0.89","99.3","3.2","8.2","34","0.000","0.00","0.8","8.9","10.3","53","34.5"
"2015","1","남천만","20","I","55.5","9.0","1.03","98.9","2.7","8.2","11","0.000","0.00","0.6","8.8","10.9","53","34.6"
"2015","1","북내항","20","I","141.3","21.0","1.48","100.4","4.1","8.1","13","0.100","0.10","0.9","9.1","9.5","53","34.6"
"2015","1","북외항","20","I","114.0","16.0","1.17","99.5","3.8","8.2","4","0.000","0.00","0.7","9.2","9.8","53","34.7"
"2015","1","수영만","36","III","811.9","57.0","0.30","95.1","2.8","8.0","170","0.000","0.00","0.8","8.6","10.1","50","32.2"
"2015","1","신외항","20","I","109.6","6.0","2.98","108.7","2.6","8.3","5","0.000","2.50","0.8","10.3","8.9","52","34.1"
"2015","1","해운대","24","II","240.4","35.0","0.50","97.6","2.6","8.1","350","0.000","0.00","0.6","8.7","10.6","52","33.8"
"2015","1","다대포항","20","I","108.1","12.0","1.12","98.9","3.3","8.2","33","0.000","0.00","0.8","9.1","9.9","53","34.4"
"2015","1","동천하류","20","I","199.7","23.0","1.93","94.5","4.1","8.1","170","0.000","0.00","0.6","8.4","9.4","53","34.5"
"2015","1","발전소앞","20","I","145.4","12.0","2.99","103.4","3.2","8.2","5","0.000","0.00","1.2","9.1","11.6","53","34.6"
"2015","1","다대포어시장","45","III","288.8","33.0","0.66","86.6","1.7","8.1","350","0.000","0.00","1.0","8.1","9.5","53","34.3"
"2014","4","고리","30","II","77.1","11.0","1.84","88.1","5.8","8.2","0","0.000","0.20","0.6","7.6","16.5","50","33.1"
"2014","4","남항","20","I","208.5","19.0","1.82","92.0","3.0","8.2","130","0.000","0.10","0.4","7.6","16.2","50","32.9"
"2014","4","녹산","44","III","678.7","41.0","2.60","90.6","0.9","8.0","49","0.000","0.40","1.4","7.7","14.2","44","28.2"
"2014","4","대변","40","III","168.9","13.0","1.50","80.3","6.5","8.2","0","0.000","0.00","0.4","7.6","16.9","51","33.1"
"2014","4","신항","32","II","178.3","31.0","2.21","92.9","0.6","8.1","8","0.000","0.40","0.5","7.6","15.2","50","32.7"
"2014","4","신호","50","IV","752.7","25.0","2.93","87.6","0.9","8.1","790","0.000","0.10","1.6","8.2","14.2","40","25.7"
"2014","4","일광","30","II","157.1","19.0","2.07","83.9","6.8","8.2","0","0.000","0.00","0.6","7.6","17.1","50","33.1"
"2014","4","장림","55","IV","2,292.5","45.0","8.08","96.2","0.8","8.1","430","0.000","0.30","3.9","9.3","13.0","16","9.5"
"2014","4","5부두","43","III","195.9","26.0","1.67","79.0","2.5","8.1","13","0.100","0.20","0.5","7.0","15.5","50","33.1"
"2014","4","감천항","38","III","74.1","27.0","11.52","102.8","2.2","8.2","8","0.000","0.10","0.8","8.5","16.4","50","33.0"
"2014","4","남외항","40","III","156.6","7.0","4.22","80.8","5.3","8.2","0","0.000","0.10","0.5","8.0","16.4","50","32.8"
"2014","4","남천만","30","II","206.6","21.0","2.00","88.0","4.2","8.1","17","0.000","0.10","0.8","7.3","15.8","50","32.9"
"2014","4","북내항","30","II","204.0","26.0","0.88","84.5","3.2","8.1","17","0.000","0.10","0.4","7.1","15.7","50","33.0"
"2014","4","북외항","32","II","224.6","18.0","1.65","81.1","3.5","8.1","5","0.000","0.20","0.8","6.9","16.0","51","33.3"
"2014","4","수영만","46","III","709.4","72.0","1.53","89.9","4.1","8.0","240","0.000","0.60","1.0","7.2","15.5","48","31.6"
"2014","4","신외항","35","III","165.2","46.0","1.87","92.5","1.7","8.1","240","0.000","0.50","0.7","7.6","15.6","51","33.3"
"2014","4","해운대","36","III","282.7","25.0","1.82","88.9","4.5","8.1","23","0.000","0.00","0.6","7.4","15.9","50","32.8"
"2014","4","다대포항","24","II","259.2","30.0","4.22","90.3","2.8","8.1","22","0.000","0.10","0.6","7.6","15.3","50","32.6"
"2014","4","동천하류","56","IV","732.1","79.0","1.70","77.8","2.8","7.9","350","0.000","0.30","1.4","5.1","14.9","49","32.0"
"2014","4","발전소앞","32","II","81.8","21.0","8.99","109.7","2.5","8.2","49","0.000","0.10","0.9","8.8","17.1","50","33.1"
"2014","4","다대포어시장","65","V","495.4","86.0","2.55","71.7","1.4","7.9","2,800","0.000","0.10","1.2","5.8","14.8","49","32.3"
"2014","3","수영만","35","III","323.7","8.0","8.12","103.4","4.0","8.2","790","0.000","0.10","1.3","7.9","23.2","48","31.0"
"2014","3","신외항","63","V","722.4","31.0","21.39","72.4","2.5","8.2","130","0.000","0.50","3.0","8.0","22.4","37","23.7"
"2014","3","해운대","32","II","78.7","2.0","10.02","95.6","4.4","8.2","79","0.000","0.50","1.3","7.8","23.3","49","32.2"
"2014","3","다대포항","34","III","257.1","22.0","6.28","84.4","2.9","8.0","49","0.100","0.20","1.0","6.6","22.9","48","31.4"
"2014","3","동천하류","75","V","1,328.7","108.0","8.91","66.7","2.9","8.0","16,000","0.000","0.20","2.2","5.5","21.7","48","31.1"
"2014","3","발전소앞","45","III","156.4","12.0","15.07","85.4","2.5","8.1","23","0.000","0.30","1.4","7.9","23.7","48","31.4"
"2014","3","다대포어시장","45","III","284.0","27.0","6.29","83.6","1.3","8.0","700","0.000","0.00","1.2","5.6","23.1","48","31.2"
"2014","3","고리","20","I","122.7","6.0","1.80","104.4","6.0","8.2","0","0.000","0.20","1.2","7.5","23.6","49","32.3"
"2014","3","남항","37","III","264.6","20.0","4.84","85.8","2.3","8.0","230","0.000","0.10","1.0","6.3","22.5","48","31.6"
"2014","3","녹산","58","IV","1,324.8","73.0","0.59","81.5","0.8","7.8","540","0.100","0.00","2.5","6.0","22.4","29","18.0"
"2014","3","대변","20","I","97.2","7.0","2.81","105.1","4.0","8.2","8","0.000","0.20","0.7","7.7","23.3","49","31.9"
"2014","3","신항","60","V","676.1","34.0","8.23","69.3","2.4","8.1","170","0.000","0.00","2.4","7.1","22.1","38","24.3"
"2014","3","신호","68","V","1,646.7","65.0","1.26","74.1","0.5","7.6","3,500","0.100","0.50","4.6","6.8","22.1","15","8.9"
"2014","3","일광","20","I","94.2","8.0","1.52","106.5","5.0","8.2","2","0.000","0.00","0.9","7.6","23.5","49","32.1"
"2014","3","장림","68","V","3,449.5","117.0","0.84","79.5","0.5","7.1","190","0.000","0.60","5.8","7.5","23.6","9","5.2"
"2014","3","5부두","58","IV","406.7","40.0","2.12","73.1","2.1","7.9","490","0.000","0.20","1.0","5.0","21.5","48","31.2"
"2014","3","감천항","32","II","122.7","10.0","26.24","94.1","2.7","8.2","5","0.000","0.10","1.5","8.2","23.9","48","31.4"
"2014","3","남외항","20","I","111.7","4.0","5.25","93.3","3.9","8.2","5","0.000","0.00","1.2","7.6","22.9","49","32.1"
"2014","3","남천만","35","III","281.7","3.0","8.80","104.3","5.5","8.2","330","0.000","0.40","1.3","8.0","23.1","48","31.2"
"2014","3","북내항","32","II","143.1","6.0","14.39","101.2","3.0","8.1","13","0.100","0.10","1.1","7.4","22.4","48","31.5"
"2014","3","북외항","20","I","139.1","1.0","5.43","99.9","4.2","8.1","240","0.100","1.30","1.0","7.3","22.8","49","31.9"
"2014","2","고리","24","II","249.6","7.0","2.56","111.7","2.9","8.0","0","0.000","0.00","3.1","8.2","16.1","51","33.8"
"2014","2","남항","22","I","232.3","27.0","2.11","101.1","2.8","8.2","220","0.000","1.00","2.0","8.2","16.6","51","33.5"
"2014","2","녹산","40","III","657.7","21.0","2.10","98.4","0.6","8.1","240","0.000","0.80","2.7","7.6","19.3","46","29.6"
"2014","2","대변","28","I","178.7","14.0","2.31","114.0","2.8","8.1","5","0.000","0.00","1.9","8.4","16.2","51","33.6"
"2014","2","신항","43","III","233.5","26.0","10.75","99.5","1.5","7.9","350","0.000","2.20","6.8","7.9","17.9","51","33.2"
"2014","2","신호","37","III","603.8","22.0","4.15","120.9","1.8","8.3","2","0.000","2.10","1.8","9.5","18.0","48","30.9"
"2014","2","일광","28","II","336.0","16.0","2.90","116.4","2.8","8.1","0","0.000","0.00","2.0","8.7","16.4","51","33.7"
"2014","2","장림","34","III","1,977.5","18.0","2.74","109.6","1.9","8.3","220","0.000","1.90","3.6","9.1","18.4","32","20.3"
"2014","2","5부두","31","II","457.8","31.0","4.50","103.1","2.4","8.1","8","0.000","0.40","2.6","8.2","16.4","51","33.1"
"2014","2","감천항","28","II","519.6","25.0","2.22","119.6","2.9","8.3","8","0.000","0.90","2.4","9.1","17.7","51","33.6"
"2014","2","남외항","26","II","313.3","28.0","1.36","111.7","3.2","8.3","0","0.000","0.10","2.4","8.8","18.0","51","33.0"
"2014","2","남천만","28","II","619.1","20.0","1.72","116.2","3.0","8.0","2","0.000","0.50","2.4","9.1","17.6","51","33.6"
"2014","2","북내항","26","II","193.0","34.0","4.58","104.0","2.0","8.2","33","0.000","0.20","2.5","8.4","16.7","51","33.5"
"2014","2","북외항","30","II","292.9","35.0","2.94","101.1","2.8","8.2","13","0.000","0.20","2.5","8.2","16.7","51","33.5"
"2014","2","수영만","56","IV","2,779.5","190.0","4.56","80.7","2.8","7.6","54","0.000","1.90","3.9","6.5","18.1","42","26.7"
"2014","2","신외항","26","II","94.5","25.0","1.83","95.1","2.0","8.1","2","0.000","0.80","1.6","8.1","18.3","51","33.4"
"2014","2","해운대","22","I","228.9","14.0","3.37","116.7","3.1","8.1","0","0.000","0.70","2.3","9.2","16.4","51","33.5"
"2014","2","다대포항","32","II","272.3","27.0","3.31","119.8","2.2","8.3","8","0.000","2.90","2.5","9.4","18.3","51","33.2"
"2014","2","동천하류","62","V","782.4","70.0","4.30","75.4","1.9","8.1","11","0.000","0.20","3.4","6.9","16.9","51","33.1"
"2014","2","발전소앞","22","I","153.8","35.0","2.95","117.0","3.0","8.3","0","0.000","0.90","2.3","8.8","20.5","51","33.6"
"2014","2","다대포어시장","33","II","265.2","34.0","4.85","119.5","1.7","8.3","240","0.000","1.10","3.0","9.3","19.0","51","33.2"
"2014","1","고리","28","II","368.7","16.0","1.20","101.0","5.2","8.1","0","0.000","0.00","1.2","8.3","13.2","53","34.7"
"2014","1","남항","28","II","187.2","53.0","0.30","100.1","4.0","8.0","220","0.000","2.30","0.2","8.6","12.2","50","32.9"
"2014","1","녹산","37","III","870.1","32.0","0.60","104.2","1.4","8.1","0","0.000","0.00","0.6","9.8","8.5","46","29.9"
"2014","1","대변","20","I","217.5","30.0","1.10","99.7","5.1","8.1","0","0.000","0.00","0.4","8.2","12.7","53","34.7"
"2014","1","신항","32","II","121.7","34.0","0.90","101.2","1.0","8.1","7","0.000","1.00","0.3","9.0","10.8","52","34.2"
"2014","1","신호","37","III","616.6","28.0","0.70","102.0","1.5","8.0","8","0.000","0.00","0.8","9.9","9.7","44","27.9"
"2014","1","일광","34","III","288.4","56.0","1.00","98.7","5.2","8.0","2","0.000","0.00","1.2","8.1","12.9","53","34.7"
"2014","1","장림","37","III","667.7","29.0","1.10","101.7","1.3","8.1","27","0.000","1.10","1.0","9.2","11.1","48","31.5"
"2014","1","5부두","32","II","306.4","44.0","1.20","91.1","2.6","8.3","33","0.000","1.90","0.2","8.6","10.2","50","32.7"
"2014","1","감천항","30","II","489.1","36.0","0.20","101.9","3.9","8.2","4","0.000","0.30","0.2","8.7","13.3","50","32.9"
"2014","1","남외항","30","II","414.1","38.0","0.80","101.2","3.9","8.1","5","0.000","0.00","0.1","8.7","12.5","50","32.5"
"2014","1","남천만","28","II","481.1","33.0","0.90","99.8","6.2","8.0","11","0.000","0.00","0.2","8.3","12.4","52","34.4"
"2014","1","북내항","28","II","473.7","32.0","0.50","109.3","4.4","8.2","14","0.000","0.40","0.4","8.8","10.6","50","32.7"
"2014","1","북외항","28","II","462.9","34.0","0.80","102.8","4.2","8.0","2","0.000","0.00","0.2","9.0","11.5","50","32.8"
"2014","1","수영만","36","III","2,603.1","120.0","1.50","99.7","4.6","7.9","1,100","0.000","0.00","1.1","7.5","12.2","47","30.5"
"2014","1","신외항","29","II","72.8","20.0","1.20","100.8","1.7","7.9","0","0.000","0.00","0.3","9.1","10.2","52","33.9"
"2014","1","해운대","22","I","211.5","35.0","2.10","100.2","5.8","8.0","17","0.000","0.00","0.4","8.2","12.6","53","34.6"
"2014","1","다대포항","28","II","375.4","33.0","0.30","98.5","4.1","8.2","27","0.000","0.00","0.5","8.7","12.2","50","32.7"
"2014","1","동천하류","46","III","1,387.7","99.0","0.10","82.2","4.3","7.7","220","0.000","2.00","1.5","5.6","10.8","48","31.5"
"2014","1","발전소앞","32","II","491.7","42.0","0.60","98.2","3.3","8.1","22","0.000","0.00","0.1","8.4","13.4","50","32.4"
"2014","1","다대포어시장","55","IV","1,356.4","105.0","1.90","86.2","1.3","8.0","350","0.000","1.20","4.4","6.9","11.7","49","32.1"
"2013","4","신항","32","II","272.3","38.0","1.00","99.4","2.0","8.0","17","0.000","0.00","0.8","8.3","14.1","51","33.6"
"2013","4","신호","50","IV","236.5","24.0","1.40","94.2","1.4","7.9","79","0.000","0.00","1.6","8.1","12.9","51","33.5"
"2013","4","일광","30","II","156.8","25.0","0.50","103.9","3.2","8.0","33","0.000","0.00","0.7","9.0","14.2","52","34.1"
"2013","4","장림","55","IV","1,126.4","60.0","1.00","110.5","2.4","7.9","1,600","0.000","0.00","2.0","9.4","13.1","44","28.1"
"2013","4","5부두","43","III","346.9","44.0","0.60","103.6","3.0","7.6","540","0.000","0.00","1.1","9.1","11.7","51","33.0"
"2013","4","감천항","38","III","211.3","28.0","1.00","109.4","3.0","7.9","21","0.000","0.00","0.9","9.3","13.1","52","34.1"
"2013","4","남외항","40","III","188.3","23.0","1.00","105.3","2.0","8.0","9","0.000","0.00","1.0","9.6","14.2","52","34.2"
"2013","4","남천만","30","II","194.4","22.0","0.70","101.4","3.5","7.9","13","0.000","0.00","0.9","8.4","14.5","51","33.6"
"2013","4","북내항","30","II","230.9","27.0","0.80","102.5","2.5","7.9","350","0.000","0.00","0.8","9.6","13.1","51","33.7"
"2013","4","북외항","32","II","225.3","31.0","1.10","102.5","4.5","7.9","22","0.000","0.00","0.9","9.6","13.1","51","33.6"
"2013","4","수영만","46","III","270.1","30.0","0.60","97.1","3.2","7.9","49","0.000","0.00","0.8","8.5","13.6","51","33.6"
"2013","4","신외항","35","III","180.1","24.0","1.20","96.7","2.4","7.9","34","0.000","0.00","0.6","8.0","14.6","51","33.4"
"2013","4","해운대","36","III","177.1","26.0","0.80","97.8","3.0","7.9","79","0.000","0.00","0.7","9.0","14.3","51","33.7"
"2013","4","다대포항","24","II","245.9","27.0","0.70","102.5","3.5","8.0","170","0.000","0.00","0.7","8.4","12.6","52","33.9"
"2013","4","동천하류","56","IV","310.1","37.0","0.70","101.7","3.1","7.8","49","0.000","0.00","1.1","8.7","13.1","51","33.2"
"2013","4","발전소앞","32","II","229.2","26.0","0.80","100.6","3.5","8.0","130","0.000","0.00","0.6","9.4","13.2","52","34.0"
"2013","4","다대포어시장","65","V","504.8","41.0","0.90","97.0","1.3","7.8","920","0.000","0.00","1.6","8.4","12.5","52","33.9"
"2013","4","고리","30","II","242.3","24.0","0.80","105.7","2.6","7.9","70","0.000","0.00","0.5","9.0","14.8","52","34.2"
"2013","4","남항","20","I","238.6","33.0","0.80","107.2","4.5","7.9","540","0.000","0.00","0.6","9.9","13.8","52","34.0"
"2013","4","녹산","44","III","177.4","19.0","1.00","89.6","1.5","7.9","49","0.000","0.00","1.7","8.0","14.0","52","34.2"
"2013","4","대변","40","III","177.7","22.0","1.10","101.5","3.5","8.0","7","0.000","0.00","0.4","9.0","14.1","52","34.1"
"2013","3","고리","20","I","148.5","2.0","3.70","81.6","3.2","8.2","2","0.000","0.00","1.0","9.0","21.7","51","33.4"
"2013","3","남항","37","III","166.7","2.0","0.70","105.7","5.4","8.0","49","0.000","0.00","1.6","7.1","26.2","49","31.9"
"2013","3","녹산","58","IV","150.6","27.0","2.00","87.7","1.5","8.1","130","0.000","0.00","4.1","5.9","27.5","42","26.7"
"2013","3","대변","20","I","172.1","2.0","2.30","78.8","4.2","8.2","2","0.000","0.00","1.0","8.5","23.0","50","32.9"
"2013","3","신항","60","V","84.1","8.0","3.60","77.3","2.2","8.0","130","0.000","0.00","1.6","6.9","24.0","49","32.1"
"2013","3","신호","68","V","304.1","14.0","4.20","102.8","1.4","8.1","540","0.000","0.00","2.7","5.9","27.8","38","23.8"
"2013","3","일광","20","I","238.2","5.0","3.60","85.0","3.0","8.2","2","0.000","0.00","1.0","8.9","19.6","51","33.5"
"2013","3","장림","68","V","1,164.4","195.0","2.60","96.7","1.5","8.0","2,200","0.000","0.00","5.4","6.7","28.3","32","20.0"
"2013","3","5부두","58","IV","46.9","23.0","7.00","89.8","1.5","8.3","920","0.000","0.00","3.8","7.8","23.6","50","32.8"
"2013","3","감천항","32","II","88.2","9.0","2.00","108.9","3.0","8.2","7","0.000","0.00","1.4","8.4","25.1","50","32.5"
"2013","3","남외항","20","I","182.7","7.0","0.20","119.1","6.8","8.1","2","0.000","0.00","1.1","7.4","26.9","49","31.6"
"2013","3","남천만","35","III","129.2","4.0","4.50","104.0","3.5","8.2","2","0.000","0.00","1.2","8.5","22.1","50","33.1"
"2013","3","북내항","32","II","175.8","4.0","0.80","106.9","4.5","8.2","540","0.000","0.00","2.6","7.1","25.4","49","32.2"
"2013","3","북외항","20","I","113.1","5.0","3.70","120.4","3.0","8.0","240","0.000","0.00","3.0","8.4","23.6","50","32.8"
"2013","3","수영만","35","III","246.1","37.0","4.50","102.9","3.3","7.9","2,800","0.000","0.00","1.9","7.8","22.8","48","31.4"
"2013","3","신외항","63","V","100.2","65.0","2.80","85.1","3.4","8.0","23","0.000","0.00","1.2","7.3","24.6","50","32.5"
"2013","3","해운대","32","II","121.0","3.0","3.20","108.3","4.5","8.1","2","0.000","0.00","4.5","8.4","23.3","50","32.8"
"2013","3","다대포항","34","III","101.3","8.0","1.70","117.5","2.9","8.2","17","0.000","0.00","2.2","8.3","26.6","49","31.9"
"2013","3","동천하류","75","V","217.6","60.0","10.10","97.8","2.0","7.7","9,200","0.000","0.00","5.2","3.5","24.3","48","31.4"
"2013","3","발전소앞","45","III","90.0","6.0","3.20","123.2","3.2","8.1","130","0.000","0.00","3.1","8.4","25.4","50","32.6"
"2013","3","다대포어시장","45","III","163.1","8.0","5.10","122.7","3.1","8.0","130","0.000","0.00","1.8","9.2","26.8","49","31.9"
"2013","2","고리","24","II","86.4","10.0","2.90","122.9","3.5","8.2","5","0.000","0.00","1.0","9.7","16.7","51","33.8"
"2013","2","남항","22","I","150.8","32.0","2.20","109.7","4.0","8.2","79","0.000","0.00","0.8","8.3","16.0","51","33.6"
"2013","2","녹산","40","III","348.3","23.0","0.00","112.5","2.0","8.2","49","0.000","0.00","2.4","8.6","19.9","43","27.7"
"2013","2","대변","28","I","59.9","9.0","4.50","125.2","3.0","8.2","23","0.000","0.00","0.6","9.3","15.3","52","33.9"
"2013","2","신항","43","III","81.3","23.0","1.20","97.3","1.5","8.1","170","0.000","0.00","0.8","7.9","18.6","50","33.0"
"2013","2","신호","37","III","434.7","22.0","3.50","103.9","1.0","8.2","70","0.000","0.00","2.1","8.2","20.5","41","26.1"
"2013","2","일광","28","II","19.7","9.0","4.10","134.5","3.5","8.2","5","0.000","0.00","0.9","9.9","15.4","52","33.9"
"2013","2","장림","34","III","1,121.7","31.0","8.70","123.3","2.0","8.2","5,400","0.000","0.00","2.8","8.6","19.6","38","24.3"
"2013","2","5부두","31","II","273.6","48.0","3.00","93.3","2.8","8.0","240","0.000","0.00","0.7","7.4","16.0","51","33.4"
"2013","2","감천항","28","II","32.1","30.0","2.10","92.6","3.5","8.3","5","0.000","0.00","0.9","9.6","18.8","51","33.7"
"2013","2","남외항","26","II","56.9","24.0","1.90","96.4","4.7","8.2","13","0.000","0.00","1.3","9.2","16.8","51","33.6"
"2013","2","남천만","28","II","686.9","51.0","8.30","128.7","2.5","8.1","1,700","0.000","0.00","3.4","9.2","16.4","48","31.1"
"2013","2","북내항","26","II","94.4","27.0","7.70","98.6","3.5","8.2","240","0.000","0.00","1.3","8.9","16.2","51","33.5"
"2013","2","북외항","30","II","81.5","26.0","3.60","105.7","3.5","8.2","23","0.000","0.00","0.7","8.8","15.6","51","33.7"
"2013","2","수영만","56","IV","3,020.5","252.0","1.00","113.8","2.8","7.3","3,500","0.000","0.00","4.3","6.1","17.5","37","23.4"
"2013","2","신외항","26","II","110.0","31.0","2.50","93.6","2.5","8.2","49","0.000","0.00","0.8","8.3","17.9","50","33.1"
"2013","2","해운대","22","I","111.3","73.0","7.30","119.1","2.8","8.2","920","0.000","0.00","0.9","9.6","15.4","51","33.4"
"2013","2","다대포항","32","II","335.7","32.0","2.50","99.2","2.6","8.2","11","0.000","0.00","0.9","8.4","17.9","51","33.2"
"2013","2","동천하류","62","V","1,635.6","169.0","0.10","85.6","2.0","7.5","3,500","0.000","0.00","5.2","1.2","17.6","45","28.9"
"2013","2","발전소앞","22","I","33.6","22.0","4.00","118.8","3.0","8.3","14","0.000","0.00","1.0","9.1","18.5","51","33.7"
"2013","2","다대포어시장","33","II","124.2","27.0","2.40","98.6","1.8","8.2","540","0.000","0.00","1.2","7.8","17.0","51","33.3"
"2013","1","고리","28","II","79.8","31.0","0.28","103.3","3.0","8.2","5","0.000","0.00","0.5","8.0","16.2","52","33.9"
"2013","1","남항","28","II","223.5","30.0","0.14","98.6","4.5","8.0","350","0.000","0.00","0.6","8.4","9.4","52","33.7"
"2013","1","녹산","37","III","214.4","2.0","0.00","108.9","2.2","8.1","9","0.000","0.00","0.6","11.0","8.5","49","31.8"
"2013","1","대변","20","I","127.2","6.0","0.06","98.0","8.5","8.2","2","0.000","0.00","0.6","8.3","12.2","52","34.1"
"2013","1","신항","32","II","171.0","2.0","0.02","104.0","1.3","8.0","27","0.000","0.00","0.9","9.5","7.6","51","32.7"
"2013","1","신호","37","III","1,229.5","15.0","3.14","113.2","1.2","8.1","240","0.000","0.00","3.3","11.8","5.9","36","22.5"
"2013","1","일광","34","III","79.6","4.0","0.02","99.8","8.5","8.2","2","0.000","0.00","0.5","8.4","12.2","52","34.1"
"2013","1","장림","37","III","1,714.8","40.0","3.35","102.1","1.5","8.0","920","0.000","0.00","3.2","11.1","8.8","32","19.8"
"2013","1","5부두","32","II","359.7","28.0","0.49","100.2","4.5","8.3","540","0.000","0.00","0.4","8.6","8.7","52","33.8"
"2013","1","감천항","30","II","136.3","13.0","1.03","102.0","4.0","8.2","11","0.000","0.00","0.4","8.8","11.2","52","33.8"
"2013","1","남외항","30","II","153.8","9.0","0.15","108.0","4.5","8.1","2","0.000","0.00","0.4","9.0","10.4","52","33.8"
"2013","1","남천만","28","II","251.8","16.0","0.17","98.8","2.9","8.2","170","0.000","0.00","0.4","8.4","10.4","52","33.6"
"2013","1","북내항","28","II","274.3","22.0","0.29","107.6","5.0","8.2","170","0.000","0.00","0.6","8.9","8.8","62","33.6"
"2013","1","북외항","28","II","244.7","18.0","0.20","105.9","4.0","8.0","46","0.000","0.00","0.4","8.9","8.8","52","33.7"
"2013","1","수영만","36","III","3,882.0","190.0","0.30","98.7","3.5","7.9","1,700","0.000","0.00","2.9","7.6","9.9","44","28.4"
"2013","1","신외항","29","II","148.6","7.0","0.17","99.7","1.5","8.0","2","0.000","0.00","0.5","9.5","8.6","51","32.8"
"2013","1","해운대","22","I","160.4","9.0","0.13","100.6","4.0","8.1","110","0.000","0.00","0.4","8.5","10.7","52","33.8"
"2013","1","다대포항","28","II","210.4","10.0","0.31","94.0","3.7","8.2","240","0.000","0.00","0.3","8.8","8.9","51","33.5"
"2013","1","동천하류","46","III","1,666.0","90.0","0.29","84.3","3.7","7.7","1,700","0.000","0.00","3.8","6.2","8.5","50","32.2"
"2013","1","발전소앞","32","II","143.0","8.0","1.11","94.0","4.5","8.1","13","0.000","0.00","0.4","8.8","11.6","52","33.8"
"2013","1","다대포어시장","55","IV","418.0","35.0","0.64","86.5","2.0","8.0","350","0.000","0.00","0.2","7.9","8.8","51","33.3"
"2005","4","남항","20","I","151.6","18.6","1.22","99.9","4.0","8.2","790","-","-","1.0","8.0","15.7","52","34.4"
"2005","4","5부두","28","II","130.8","98.7","1.51","93.0","3.5","8.2","350","-","-","1.1","7.3","16.0","51","33.6"
"2005","4","남외항","24","II","94.4","42.1","1.69","95.4","2.7","8.2","20","-","-","0.8","8.1","14.7","52","34.5"
"2005","4","북내항","23","I","166.4","20.9","5.77","98.8","2.5","8.1","490","-","-","1.1","8.4","15.6","52","34.2"
"2005","4","북외항","20","I","184.0","33.5","6.17","93.9","3.0","8.0","540","-","-","1.0","8.4","14.6","52","34.1"
"2005","4","동천하류","48","IV","5,087.1","179.1","1.32","90.5","0.5","7.6","70,000","-","-","10.8","6.8","15.6","48","31.2"
"2005","4","부산대교","36","III","444.0","70.9","2.06","94.4","3.5","8.2","35,000","-","-","1.3","7.9","14.6","52","34.0"
"2005","4","자갈치시장","20","I","96.7","13.3","1.10","90.4","3.3","8.2","700","-","-","1.0","7.6","15.6","52","34.3"
"2005","4","송도해수욕장","20","I","113.3","23.9","1.71","98.7","3.5","8.2","140","-","-","0.9","8.1","15.0","52","34.4"
